rooms,washrooms,location_score,price_lakhs
4,4,10,104.54
5,2,8,66.3
3,3,3,23.25
5,2,8,69.93
5,2,6,69.09
2,1,6,61.54
3,2,6,62.1
3,2,3,32.29
3,1,10,79.83
5,2,1,16.48
4,3,12,118.82
3,3,4,57.1
6,3,10,92.38
5,4,12,141.36
2,2,6,58.92
4,2,11,94.53
6,5,12,135.76
6,5,10,84.62
2,3,2,35.8
4,3,7,70.27
5,3,7,85.48
1,2,11,104.05
4,4,4,53.39
2,2,4,48.63
6,5,1,22.44
5,4,2,45.67
4,3,9,73.55
1,2,10,93.58
1,2,8,74.36
3,3,8,61.37
3,2,9,82.69
2,3,7,73.82
4,3,9,80.45
4,3,10,84.88
6,3,12,115.92
6,3,2,34.62
6,5,6,75.27
3,2,3,34.09
4,2,11,92.33
4,4,6,90.72
1,1,3,26.02
3,1,8,60.35
5,3,11,103.54
3,2,4,40.19
5,2,12,102.78
1,1,10,103.74
2,2,6,46.7
4,4,9,92.37
1,1,2,10.37
4,2,2,20.59
6,5,7,98.36
2,1,2,23.81
2,3,2,33.69
1,1,4,27.61
2,3,9,82.75
5,4,8,102.23
2,1,2,25.99
4,4,8,80.6
4,3,4,51.41
4,2,2,28.68
4,3,11,94.61
5,2,10,86.31
3,3,7,93.55
6,5,6,76.92
1,2,10,74.31
4,2,5,55.1
2,2,11,111.03
4,3,1,13.96
2,1,2,16.43
6,3,8,93.54
6,4,1,28.35
6,4,3,42.57
2,2,2,12.64
4,3,5,65.71
6,3,4,45.12
5,2,7,44.29
2,3,5,39.27
2,2,8,68.38
4,4,4,41.27
2,1,12,91.84
2,1,6,76.45
6,5,4,64.08
4,3,2,5.23
6,4,1,24.86
6,4,1,27.11
4,3,8,64.23
1,2,4,47.34
6,5,5,44.59
5,2,11,108.97
5,3,8,93.42
2,2,12,129.53
5,3,7,55.26
2,3,8,65.29
1,1,8,75.93
4,4,6,79.83
4,3,10,103.09
4,3,2,41.8
5,2,6,71.77
1,1,1,15.02
5,3,1,20.87
5,2,11,84.32
1,2,3,31.02
1,2,3,32.55
1,1,11,83.5
1,2,5,49.62
4,3,1,12.38
3,1,10,96.13
3,1,6,57.26
1,1,7,56.4
3,1,10,86.89
3,1,12,89.95
1,1,11,82.96
3,2,3,27.66
5,2,4,40.08
2,3,10,96.41
2,3,11,104.45
1,1,10,71.81
4,3,12,110.19
1,2,10,81.82
4,2,10,55.91
2,3,10,125.76
1,2,3,26.01
6,5,1,25.57
5,4,8,70.54
3,2,10,79.43
4,3,10,93.11
6,3,2,44.52
3,1,1,11.06
3,1,8,65.76
1,1,7,73.0
3,3,7,65.76
5,3,4,47.21
6,4,11,98.78
3,1,9,93.85
1,1,6,63.49
5,4,2,34.47
2,3,1,19.01
6,3,1,22.68
3,2,9,80.62
1,1,4,21.53
2,2,5,60.83
2,1,3,26.73
4,3,4,65.98
5,4,12,120.22
3,3,8,53.79
1,1,4,24.18
4,4,9,70.54
5,2,9,69.06
4,3,6,46.66
6,4,2,38.53
5,3,12,107.84
5,4,10,107.41
3,1,11,92.62
5,3,7,68.6
4,2,9,102.03
5,3,6,65.23
3,3,3,38.19
3,3,7,62.47
6,3,5,43.24
4,4,1,35.71
2,3,3,46.11
2,1,5,60.72
5,3,7,75.79
6,5,3,45.07
1,1,6,58.11
5,4,5,59.2
6,5,1,41.65
4,4,10,113.34
4,4,6,66.31
4,2,8,91.57
4,2,1,29.88
4,2,2,26.18
6,5,4,63.71
6,5,12,124.05
3,3,2,31.22
2,1,11,112.13
4,4,9,97.18
1,1,10,76.59
6,5,8,78.72
1,1,8,59.13
1,2,4,46.9
1,1,5,41.58
3,3,4,50.33
6,4,9,101.36
1,1,2,41.29
4,4,11,104.82
5,3,8,64.91
1,1,2,38.92
3,1,1,-1.57
6,5,10,90.04
3,3,3,56.66
1,2,9,92.66
6,4,12,120.85
5,4,3,43.5
1,2,9,79.61
3,1,7,54.49
2,1,10,82.17
4,2,1,17.53
3,2,10,76.26
6,5,5,56.8
1,1,9,55.88
4,2,12,106.78
1,1,3,29.78
6,5,9,114.79
1,2,5,53.76
2,3,9,81.44
4,3,10,93.0
4,3,6,67.87
6,3,9,89.28
2,3,7,76.78
3,1,7,64.77
1,2,8,71.47
5,4,7,70.64
1,2,12,100.1
1,1,9,67.75
3,2,11,87.18
1,2,9,100.38
2,1,6,54.25
2,3,7,69.45
4,4,2,31.04
6,3,9,91.29
5,4,12,128.04
1,1,1,20.23
1,1,1,22.22
3,2,3,28.13
6,3,12,110.96
2,2,6,52.27
5,3,5,56.07
4,2,2,38.73
2,2,9,86.39
6,5,10,121.27
4,4,4,49.11
3,1,4,28.93
3,2,5,55.12
1,2,8,75.19
6,5,10,108.23
5,3,4,48.73
4,3,5,50.16
2,3,12,112.96
6,5,4,66.73
6,3,6,73.76
3,1,12,96.1
1,2,3,36.31
1,1,8,83.77
4,4,6,63.32
3,3,10,88.51
6,3,5,62.94
5,2,2,32.19
3,2,10,81.63
4,3,10,81.01
4,3,7,73.12
3,3,2,26.81
4,2,1,1.16
3,3,7,64.13
2,1,5,51.03
3,3,1,21.49
3,2,4,57.66
4,3,12,90.13
4,3,4,60.38
1,2,10,86.56
1,1,7,56.12
2,1,9,61.49
1,1,2,25.65
3,2,12,87.73
4,3,1,31.18
1,1,2,5.87
1,1,7,47.44
2,3,10,83.09
6,5,6,65.84
2,3,4,56.42
3,3,1,38.04
4,3,1,16.87
2,2,5,49.53
1,1,1,17.9
4,4,12,112.71
4,3,7,75.51
1,1,11,92.96
2,1,1,10.47
1,1,1,-1.2
6,4,2,37.49
4,2,11,107.58
5,2,12,98.22
5,3,10,75.32
3,2,3,30.8
1,1,11,108.1
1,1,1,25.12
3,3,9,81.2
3,3,10,99.56
3,2,8,80.14
4,2,5,64.9
6,4,11,92.49
1,1,2,10.31
4,2,5,29.9
3,3,6,56.22
1,1,1,23.66
4,3,11,97.4
6,5,4,43.92
4,4,9,94.27
6,3,2,33.52
3,3,5,44.83
6,5,1,27.94
1,2,4,43.51
3,1,4,44.46
1,2,6,51.51
5,4,10,92.07
2,1,9,96.13
6,5,3,46.26
2,3,9,89.49
2,1,6,59.48
6,4,7,58.13
3,1,12,100.81
5,4,10,83.54
1,2,2,24.69
4,4,11,121.73
1,1,10,75.02
4,4,6,51.34
1,2,6,76.88
6,3,2,19.53
5,3,2,16.01
4,3,2,47.19
3,3,10,83.14
1,1,12,117.45
1,2,1,20.74
4,2,5,62.84
3,1,8,70.86
3,2,2,36.8
6,4,5,50.82
6,3,12,104.86
6,5,8,67.84
6,4,10,109.72
6,5,5,69.2
6,4,2,25.93
5,3,3,21.51
3,3,6,65.82
6,4,11,124.76
3,2,11,96.62
3,3,5,48.42
2,2,11,88.63
5,3,4,59.49
6,4,4,44.21
1,2,5,46.29
4,2,2,36.42
1,2,9,88.37
5,2,2,22.67
4,3,10,88.01
5,2,2,40.66
3,3,10,83.84
4,4,9,89.9
3,2,3,18.94
1,1,10,96.89
1,1,7,56.25
4,3,4,40.0
4,4,6,74.62
6,3,4,32.74
5,2,10,96.35
6,3,7,67.39
5,2,1,5.95
6,4,3,34.1
3,2,3,27.16
4,4,1,23.56
1,1,6,41.01
5,3,11,105.95
5,4,9,79.75
1,2,8,50.35
6,5,11,132.2
5,3,7,72.98
3,2,10,110.09
4,4,8,73.56
1,2,6,62.8
4,4,9,100.95
5,3,3,37.11
5,3,10,80.56
1,1,10,82.36
3,2,9,88.26
2,2,4,47.88
1,1,7,60.98
2,3,9,95.97
6,4,2,44.5
2,3,2,25.76
3,1,9,61.8
6,3,12,112.9
2,3,3,31.53
6,5,9,98.44
2,3,5,68.46
3,2,6,62.37
2,1,2,33.96
2,3,8,68.89
2,2,11,108.87
1,1,9,93.77
1,1,2,21.64
1,1,6,76.22
3,2,6,49.43
6,3,8,72.61
5,2,10,96.5
2,2,12,106.54
2,3,5,47.57
3,1,9,83.19
2,3,1,26.56
1,1,9,71.14
5,4,10,101.89
4,4,7,83.59
2,3,4,40.92
1,2,3,39.17
4,4,10,91.33
5,2,11,91.26
4,2,6,69.12
1,1,12,107.14
6,4,1,9.13
6,5,3,45.26
4,2,2,30.9
3,2,11,99.39
4,2,9,88.18
2,1,3,30.16
2,3,2,29.67
6,4,4,50.37
3,3,2,41.91
1,2,1,24.95
2,1,6,57.05
6,5,10,105.89
5,3,8,73.51
6,5,10,101.93
2,3,10,105.65
2,3,2,40.71
6,3,9,80.51
1,1,3,30.0
4,2,8,78.98
2,1,12,105.33
6,3,8,83.25
6,3,3,27.88
3,1,3,17.29
4,3,12,122.7
5,4,6,83.09
1,1,1,-1.82
5,2,4,41.72
4,3,1,31.14
4,3,3,16.96
4,4,9,81.27
5,3,5,54.08
4,4,12,110.03
6,3,5,57.09
5,2,11,112.7
4,4,4,43.47
6,4,3,44.5
3,3,5,51.55
4,3,11,104.36
5,2,4,42.06
2,2,8,100.37
4,4,4,66.9
2,3,11,87.19
6,3,12,102.0
3,2,8,66.22
1,1,6,40.66
3,2,12,92.32
4,2,11,96.22
2,2,5,42.6
2,3,4,38.09
5,3,4,67.2
2,1,12,94.29
5,3,4,42.57
6,4,11,115.41
1,2,9,77.53
4,3,4,35.34
5,4,12,113.42
1,2,9,102.09
2,1,10,80.19
2,3,6,53.88
1,2,10,94.2
2,1,7,57.94
6,5,12,148.39
6,3,10,87.13
1,1,3,46.34
5,2,8,85.63
5,4,3,40.19
1,1,1,12.96
5,4,10,89.7
5,3,12,105.62
6,3,5,51.12
5,3,2,32.58
3,3,10,80.87
4,4,6,71.11
2,2,10,88.54
3,1,9,80.98
5,2,1,23.47
6,5,4,54.74
1,1,1,17.88
5,3,1,22.13
6,3,8,86.43
4,2,11,101.16
5,2,2,27.81
1,1,1,11.98
6,3,11,115.96
6,3,8,83.05
6,5,4,43.79
4,2,3,29.28
5,2,12,103.71
4,3,4,46.99
2,2,11,99.77
2,3,5,45.56
5,2,1,17.32
4,4,11,104.86
1,1,1,23.85
6,5,3,39.05
6,4,6,67.83
5,4,1,21.15
2,3,11,121.63
2,1,12,113.57
6,5,2,24.58
5,2,12,98.04
4,2,7,74.71
2,1,1,17.57
4,2,7,70.26
2,3,4,48.91
2,2,10,99.51
3,2,6,65.81
2,2,8,71.09
1,2,9,70.01
5,2,6,41.1
5,3,12,109.96
4,4,11,89.6
2,1,9,79.51
1,1,4,33.92
4,2,6,77.44
3,2,8,77.43
4,3,9,86.71
4,3,3,22.84
2,1,2,8.38
3,3,6,69.81
4,2,4,38.87
1,1,1,38.35
1,1,8,68.17
5,4,9,93.69
3,1,9,63.83
3,3,2,40.47
5,4,9,82.74
4,2,7,71.24
3,2,5,58.12
1,2,7,66.95
1,1,9,94.57
2,3,8,72.89
3,2,6,74.76
4,2,4,29.29
5,2,1,25.99
5,2,6,56.58
4,3,3,31.92
6,5,6,56.39
2,1,6,50.39
5,4,4,48.76
3,3,2,32.73
2,2,9,89.25
3,1,2,12.92
1,2,3,51.58
2,1,10,79.61
5,2,1,24.02
2,2,7,66.9
2,1,1,11.01
2,1,11,93.4
6,5,9,87.6
2,2,11,94.12
3,1,11,79.6
1,2,1,12.51
4,3,5,50.33
2,2,7,74.45
5,4,3,40.68
2,3,9,82.52
5,4,8,86.2
3,3,3,40.81
5,4,5,54.09
4,2,7,69.94
1,1,12,99.21
5,3,4,41.07
5,2,5,45.05
1,1,3,38.49
4,2,9,77.35
2,3,10,97.61
5,3,9,74.18
1,1,7,72.15
3,2,10,84.17
1,1,2,25.0
3,1,7,58.48
4,2,7,69.89
2,3,11,107.43
1,1,5,43.55
6,3,9,68.34
5,2,12,116.91
4,4,11,106.6
1,2,3,37.68
5,4,4,58.92
1,1,1,8.43
3,1,6,58.17
1,2,4,34.52
6,4,1,31.88
1,2,2,26.2
1,2,3,29.78
6,5,9,97.47
4,4,8,73.45
1,1,7,64.09
6,4,11,112.13
5,4,12,119.46
3,2,4,57.02
3,2,1,17.05
1,1,8,68.74
4,4,4,40.3
4,2,3,49.72
5,4,9,77.02
1,1,10,87.29
3,2,4,35.85
4,2,4,42.62
1,2,9,68.92
4,3,12,119.92
6,3,11,93.45
4,3,12,122.66
3,1,2,11.72
2,1,12,110.75
5,4,5,51.69
5,3,4,40.85
3,3,9,86.98
4,3,12,102.52
1,2,5,41.23
4,3,9,78.64
3,3,11,106.19
5,2,9,82.0
4,3,2,31.53
5,3,9,83.75
1,1,3,34.49
5,4,4,62.5
5,3,1,28.76
2,2,1,15.91
2,3,1,10.79
6,3,9,67.23
2,3,11,102.35
5,4,8,64.07
3,3,5,53.01
5,3,5,69.03
3,1,9,65.47
3,1,3,16.14
2,3,3,45.37
4,3,7,42.94
1,2,9,85.82
2,2,6,72.69
2,2,2,17.28
4,3,1,12.56
1,1,2,26.9
5,2,1,6.29
6,4,10,108.11
6,4,10,89.11
5,4,9,109.68
2,3,10,101.62
1,1,12,101.38
2,3,8,96.11
3,2,7,76.32
2,3,3,42.69
2,1,8,50.37
5,4,2,28.99
5,4,2,46.85
5,2,11,85.0
6,3,10,87.34
3,2,3,23.78
5,4,7,80.02
1,1,1,22.64
6,5,8,98.65
4,4,12,107.47
1,1,7,64.89
1,2,4,33.0
5,4,5,57.89
4,4,10,105.2
4,2,1,28.61
6,4,4,30.51
4,2,1,18.99
3,2,1,32.07
5,3,10,97.32
4,4,1,28.83
6,4,7,70.37
3,1,7,74.81
2,1,4,31.83
2,1,12,100.0
3,2,2,21.3
6,3,12,112.08
3,2,3,48.26
5,2,8,64.94
5,2,8,75.13
2,2,11,101.91
4,2,11,89.88
6,5,6,72.41
2,2,10,108.51
4,3,9,69.32
4,3,11,98.79
5,4,12,118.51
1,1,9,73.24
1,1,4,65.86
3,1,12,106.49
5,2,1,7.56
4,3,1,-0.37
6,3,12,114.4
1,1,10,77.44
4,2,5,62.89
1,2,2,23.25
1,2,6,52.32
1,2,7,60.15
6,5,1,42.87
5,3,6,67.16
6,3,8,96.56
2,3,12,108.85
4,3,5,63.62
5,4,12,124.79
5,4,7,82.74
5,3,10,89.9
5,3,6,67.73
6,3,4,46.03
5,2,7,64.76
3,3,10,86.94
4,4,9,70.8
5,2,10,102.48
4,2,10,94.32
3,2,7,52.57
3,1,12,108.18
4,2,5,62.68
1,2,7,73.78
2,1,3,20.08
1,2,2,18.68
1,1,11,87.52
6,4,5,68.61
1,1,4,41.79
5,2,5,77.9
6,3,8,62.59
6,5,12,120.47
3,2,4,22.72
1,1,9,82.97
3,3,7,81.67
4,3,10,109.42
2,3,12,112.89
6,5,7,61.87
4,3,8,78.5
4,2,12,110.37
5,4,6,57.95
2,3,8,76.35
4,2,3,21.23
4,2,10,83.87
2,2,10,99.12
2,2,1,24.8
4,3,6,49.05
2,1,1,5.95
4,4,9,92.57
4,4,2,38.27
5,3,11,96.37
1,1,2,25.76
4,4,7,75.65
3,2,2,0.23
6,5,10,99.28
1,2,8,68.0
1,1,6,59.78
1,1,7,67.96
5,4,7,59.28
4,3,6,67.38
5,2,10,89.26
4,4,11,109.26
5,2,9,75.86
5,2,9,81.38
6,3,7,82.5
3,3,9,88.12
5,3,10,94.58
6,4,3,39.21
2,2,3,44.52
3,1,1,0.19
5,4,5,51.98
1,1,4,23.62
2,2,2,28.01
2,2,9,93.8
6,5,3,45.71
2,1,8,58.31
3,2,6,74.36
5,4,5,64.51
5,2,1,20.78
1,1,4,35.1
6,4,3,50.69
1,1,1,15.62
2,1,12,96.19
1,1,5,41.86
3,2,6,47.8
5,2,2,14.55
2,2,3,31.03
1,1,11,104.54
6,4,6,57.66
3,3,4,55.36
3,2,9,74.01
1,1,5,27.13
5,4,4,57.47
1,1,2,37.29
2,3,6,54.44
1,1,10,69.3
3,1,2,25.55
1,2,12,96.77
5,2,7,71.37
6,3,3,50.51
4,4,9,95.31
1,1,11,101.1
5,4,5,68.17
5,3,8,88.9
6,3,11,103.45
3,2,6,65.79
5,3,12,112.64
5,2,10,93.91
5,4,8,114.52
5,2,11,100.42
2,2,12,91.02
2,2,3,32.03
3,3,3,35.89
1,1,5,42.35
5,3,11,112.53
6,4,10,111.31
1,1,3,27.94
6,5,8,75.08
1,1,10,85.99
3,2,12,100.57
5,2,8,76.1
5,2,2,24.79
4,3,12,123.16
6,4,4,54.75
1,1,10,79.6
1,2,1,4.14
2,3,4,46.52
4,4,12,115.56
2,3,11,100.38
2,3,4,54.75
2,3,10,81.17
6,5,9,89.37
6,5,3,49.53
3,1,2,15.4
3,3,9,83.43
2,3,9,86.4
4,4,1,34.86
1,1,6,51.99
6,3,10,75.3
4,2,8,67.97
5,2,3,38.96
6,5,11,120.63
6,5,9,105.18
3,2,2,37.01
1,1,6,54.18
1,2,1,20.63
5,2,7,55.86
5,3,3,17.25
6,4,7,61.82
2,2,4,34.98
3,1,9,63.4
3,3,5,52.07
6,5,3,44.38
4,3,8,88.38
2,3,6,53.31
6,4,2,37.41
2,1,3,24.8
2,2,8,63.93
2,1,10,77.72
6,4,7,55.49
3,3,10,102.48
3,3,6,77.02
2,2,1,15.33
4,4,9,92.29
1,2,3,31.04
6,5,5,56.8
1,1,7,68.05
4,4,7,79.19
6,3,3,9.88
2,2,4,31.65
3,3,10,74.47
1,2,7,81.55
5,4,8,82.28
5,3,2,33.41
4,2,9,78.47
2,1,7,72.03
1,2,8,82.61
2,2,6,55.85
1,1,6,70.18
4,3,9,88.85
4,3,4,32.4
5,3,11,104.0
2,1,11,98.17
6,3,5,53.67
5,2,9,77.89
2,3,1,40.64
5,3,4,35.14
6,5,7,53.36
3,2,11,114.19
3,1,9,64.74
3,3,11,100.13
3,1,12,97.23
1,1,10,97.32
3,2,6,72.35
6,4,12,103.08
4,2,8,87.57
4,3,9,100.38
1,1,10,85.19
3,3,4,56.33
3,2,1,28.33
3,2,8,71.48
5,3,2,29.42
2,3,11,108.89
5,3,1,6.71
2,1,7,57.46
3,1,12,89.0
3,2,10,104.24
5,3,9,83.34
5,4,11,110.76
2,3,12,108.82
4,4,12,113.17
2,2,9,84.11
5,4,3,36.69
6,5,6,71.02
5,2,7,63.94
6,5,10,100.77
1,1,9,80.91
5,2,2,21.53
1,2,8,90.11
4,2,7,72.29
2,2,4,28.51
6,4,2,41.51
2,3,8,72.11
1,1,11,94.36
6,3,5,47.69
2,2,6,36.06
5,4,11,107.78
3,3,7,56.66
1,1,10,89.2
2,3,1,24.75
1,1,8,62.96
1,2,4,60.26
6,3,9,74.61
6,5,1,26.76
3,2,11,86.79
5,2,2,46.41
1,1,6,66.52
2,1,11,78.78
4,4,10,91.74
1,1,11,85.08
1,1,1,7.49
3,3,4,36.57
5,3,8,72.94
4,4,10,110.05
6,3,5,74.47
6,5,9,81.56
2,1,11,82.59
4,4,11,110.14
6,5,6,57.2
2,2,1,20.39
5,2,6,63.4
2,2,6,65.01
6,3,6,68.12
3,3,8,73.65
3,1,6,51.18
3,2,5,38.2
6,4,11,112.64
3,2,2,42.03
4,2,4,46.62
5,3,10,88.05
2,2,5,59.95
2,2,10,113.66
6,5,4,59.43
3,3,2,36.54
3,1,7,67.78
1,1,10,68.96
5,3,10,90.89
4,4,2,30.86
2,2,1,26.35
1,1,5,52.18
1,2,12,104.79
6,5,1,27.26
2,3,1,6.13
6,3,1,22.85
4,2,6,48.45
1,1,9,66.21
1,1,10,94.26
5,4,11,116.22
4,4,12,111.11
1,1,1,-2.69
4,3,5,46.74
2,2,9,91.93
3,1,9,81.68
1,1,1,8.28
5,3,8,79.59
2,2,1,-2.75
4,4,8,62.49
6,5,1,52.77
2,1,12,106.07
1,2,5,50.02
4,3,8,75.03
3,3,6,45.38
2,1,9,86.93
1,2,1,6.63
5,3,9,94.04
6,4,1,29.32
4,2,10,89.48
2,3,10,81.98
2,3,3,26.11
3,3,1,26.9
3,2,3,34.79
5,2,12,106.47
6,5,11,115.86
5,3,2,11.63
1,1,2,31.15
1,1,9,73.44
5,4,8,95.7
6,5,1,12.92
5,4,12,121.69
6,5,4,62.6
6,5,1,18.14
4,4,1,21.61
6,5,12,110.4
3,3,12,119.63
6,5,4,60.09
6,4,2,51.99
6,5,3,51.03
1,1,11,100.32
3,2,9,93.72
3,3,2,36.54
5,2,4,38.16
4,4,1,22.3
6,3,2,30.2
2,1,5,52.97
4,2,10,82.34
4,2,1,24.52
3,2,11,101.23
4,3,7,58.47
6,3,4,53.04
6,5,6,74.42
1,1,8,63.49
6,4,6,69.27
6,5,2,35.88
3,2,1,20.48
6,4,8,82.32
1,2,8,58.7
2,1,9,75.62
3,1,6,48.57
2,1,12,107.36
3,1,1,21.8
5,4,9,86.91
4,4,12,108.11
5,4,3,27.2
6,4,11,99.86
2,3,6,59.77
6,3,10,81.61
4,3,10,103.93
3,1,11,95.62
4,2,12,104.8
1,2,9,81.83
4,4,11,111.06
1,1,3,35.33
4,2,5,58.09
1,1,5,41.91
2,3,10,93.58
6,4,7,77.73
6,4,4,50.17
5,3,11,111.72
6,3,4,59.27
3,2,7,69.44
4,3,9,77.92
5,2,11,103.08
3,3,4,50.84
3,3,4,37.08
1,1,6,56.83
6,3,6,57.56
2,3,7,78.46
2,2,1,23.0
5,3,11,105.23
2,1,3,29.39
4,3,9,65.67
2,3,6,50.86
5,2,6,56.69
2,3,5,70.19
4,4,11,113.65
1,2,3,52.14
5,3,11,103.83
1,1,5,44.69
1,2,1,32.25
1,2,3,32.41
3,1,4,27.14
6,3,5,58.17
3,2,10,101.23
6,4,9,83.74
1,1,4,42.89
5,4,3,43.07
6,4,10,104.51
4,4,1,31.14
4,2,10,85.86
2,2,6,56.94
6,4,7,72.47
5,2,10,91.19
3,2,8,65.54
1,1,12,94.93
2,2,1,13.86
4,2,12,109.92
3,2,4,27.84
3,3,11,101.93
1,2,5,42.92
6,5,2,36.89
4,3,1,16.4
5,3,8,80.95
3,3,6,61.43
1,2,5,57.12
5,2,9,86.02
6,3,11,87.63
4,2,11,88.4
6,5,2,39.27
3,3,10,94.57
5,4,12,107.28
5,2,8,87.04
5,3,11,111.65
3,3,10,78.55
3,2,9,85.45
6,4,1,27.54
2,2,7,78.44
6,3,8,63.3
4,3,3,59.6
1,2,4,33.57
5,2,3,37.79
2,3,7,64.94
1,2,9,78.24
2,1,3,12.11
6,5,6,84.97
3,3,8,76.3
5,2,6,55.98
6,5,2,64.12
1,1,7,70.59
1,2,2,19.32
1,1,2,14.9
1,2,2,28.6
1,1,11,100.71
2,1,1,30.52
6,5,11,96.92
5,2,1,25.27
3,3,7,79.88
3,1,12,93.1
6,4,5,56.4
6,5,11,96.7
3,2,3,28.99
3,2,1,20.32
2,3,11,118.94
4,3,10,111.86
5,4,6,57.71
1,1,11,107.58
4,4,1,8.51
6,5,9,91.15
3,1,2,17.98
4,4,1,30.52
5,4,12,117.07
6,4,7,79.66
1,2,6,56.17
1,1,6,62.6
5,3,5,61.92
5,3,11,100.1
3,1,4,45.42
1,1,11,113.68
6,4,4,45.27
4,3,3,55.75
6,4,10,94.17
2,1,8,83.1
2,1,7,55.54
5,3,9,94.66
3,2,1,19.8
2,1,7,43.15
1,1,10,104.16
6,3,4,38.05
6,4,7,63.3
5,3,12,104.61
4,4,1,53.31
5,2,5,37.46
4,3,3,40.78
5,2,5,38.77
5,3,4,37.48
5,2,2,10.01
4,3,11,106.15
4,4,4,50.39
5,4,3,32.69
2,1,1,21.73
3,2,12,115.79
3,2,10,94.07
3,1,8,80.71
4,3,5,51.51
4,2,4,45.22
2,2,10,86.55
3,1,12,85.93
3,2,5,52.19
5,2,4,43.59
4,3,3,38.7
3,3,5,58.74
6,4,4,66.12
2,1,1,10.96
6,5,12,111.43
6,4,3,41.52
2,3,10,93.63
6,4,10,109.84
3,3,8,80.07
4,2,7,54.52
2,2,2,34.05
5,3,1,29.45
6,3,3,40.07
2,3,5,64.48
1,1,10,96.16
1,1,11,89.23
4,4,12,107.0
3,1,1,12.88
4,3,3,44.37
4,3,3,37.95
4,3,5,45.12
4,2,3,35.63
5,3,9,66.66
5,3,1,19.76
2,2,4,50.51
1,1,10,94.05
4,3,10,57.4
2,2,4,40.07
1,1,1,18.99
6,4,2,24.24
3,2,11,94.28
5,4,1,40.08
6,3,6,58.16
1,1,3,44.99
6,3,7,63.59
3,1,5,59.1
1,1,9,77.34
6,4,7,67.22
5,4,4,66.13
5,4,5,47.94
2,1,5,37.04
6,5,11,117.9
4,4,5,60.81
6,3,10,97.74
1,1,9,73.32
1,2,10,78.01
6,4,3,37.48
3,3,6,76.2
5,4,8,70.63
1,1,11,109.44
5,3,9,90.16
1,1,7,55.03
2,1,12,80.98
4,4,3,25.29
1,1,1,9.44
5,2,4,37.23
2,3,6,64.18
1,1,3,46.19
3,3,1,28.38
4,2,6,56.71
1,1,1,25.17
2,2,9,83.51
3,3,11,119.0
6,4,12,109.28
2,1,1,1.52
2,1,6,33.0
3,3,1,21.95
2,3,12,98.65
3,3,7,58.51
1,1,3,39.34
3,3,6,45.78
3,3,7,72.04
4,2,1,17.17
3,1,1,13.92
3,3,5,68.84
6,5,6,64.74
1,1,9,90.85
4,4,1,10.4
6,4,4,58.51
5,3,10,109.76
1,1,8,28.46
1,2,10,89.65
5,2,9,80.83
3,3,3,39.72
6,5,11,130.12
2,1,2,13.36
4,2,4,30.15
2,1,2,21.79
5,3,1,34.24
1,2,12,111.59
1,1,3,29.34
4,4,7,73.71
1,1,1,-7.07
1,1,2,26.86
4,2,1,25.05
6,3,8,72.08
6,5,5,60.35
4,2,8,63.52
5,4,3,52.68
1,1,12,97.34
1,2,7,64.51
5,4,8,90.29
6,5,6,76.27
3,3,7,76.63
3,2,12,107.75
3,3,2,32.97
6,3,8,80.88
6,4,5,64.53
5,3,7,76.02
1,2,1,5.75
5,3,5,49.03
5,4,1,25.97
6,3,12,115.52
3,3,8,94.97
2,2,4,33.87
1,1,4,45.79
6,5,2,35.31
3,1,5,58.71
2,1,1,32.12
2,2,9,64.52
6,3,5,51.74
4,3,6,39.5
1,1,2,4.1
2,3,10,78.72
6,3,10,101.24
6,5,1,37.37
3,3,4,55.01
4,2,7,72.08
1,2,6,62.85
5,2,10,91.12
3,1,1,11.69
2,3,1,33.2
2,3,8,79.12
3,2,4,47.25
6,5,5,41.7
2,2,7,54.25
4,4,8,93.8
1,1,10,78.32
4,4,7,62.05
2,1,2,27.41
5,2,4,42.01
1,1,10,80.93
1,1,12,116.09
3,3,1,36.37
3,1,10,83.12
5,2,9,89.22
6,4,3,21.61
1,2,12,116.93
5,4,3,33.13
3,2,10,75.48
3,2,9,64.15
1,2,10,71.37
4,3,3,49.8
2,3,8,85.31
3,3,2,23.34
6,3,3,47.55
6,3,2,25.05
3,3,1,26.24
4,4,2,31.18
4,4,8,82.8
5,4,9,82.92
6,5,2,33.4
5,4,7,81.44
6,4,5,67.05
2,3,3,34.86
2,2,9,66.74
1,1,6,77.71
5,4,11,108.37
3,3,1,26.12
5,3,5,42.39
3,2,7,78.15
4,4,4,65.68
5,4,8,66.92
4,3,10,93.98
2,2,5,48.2
2,2,9,105.88
1,1,9,91.44
5,3,9,72.49
4,2,1,10.72
3,3,2,22.07
2,3,3,42.72
2,2,4,57.72
3,3,10,96.09
4,4,9,97.01
4,4,10,93.36
5,4,6,72.96
5,2,1,13.28
6,3,12,94.59
6,4,9,96.31
1,1,6,52.9
2,2,4,31.03
5,4,4,68.45
4,4,3,36.34
3,1,7,67.09
4,2,3,30.37
2,2,2,41.44
6,3,10,92.62
4,2,8,57.25
1,1,4,45.1
2,1,8,84.4
6,3,1,18.72
3,2,5,56.79
6,4,9,93.29
1,1,1,9.17
2,2,11,106.41
3,3,4,39.0
1,1,6,53.32
6,5,10,107.57
1,1,8,71.21
2,2,3,26.25
5,4,5,80.6
1,1,7,73.62
1,1,1,22.9
6,5,7,95.33
6,3,12,111.69
3,3,11,99.29
6,4,8,73.11
4,4,8,76.97
2,3,9,76.86
2,1,6,47.72
5,3,12,113.76
5,2,6,67.14
2,2,2,34.86
5,2,3,22.28
3,3,4,53.89
6,3,4,58.44
2,2,8,71.46
5,3,1,34.98
2,3,10,103.76
4,3,4,34.35
1,1,11,114.92
6,5,12,113.84
2,2,11,107.57
1,1,11,102.21
5,2,4,29.76
1,1,1,14.79
6,5,3,58.09
2,2,5,37.65
4,2,6,59.0
5,4,9,101.93
2,2,9,92.57
6,4,9,88.03
5,4,11,123.44
3,3,1,36.06
1,1,12,103.41
6,4,9,85.41
3,2,8,62.34
2,2,2,29.78
4,4,11,122.65
5,2,1,16.53
1,1,1,4.41
5,4,12,124.25
2,2,6,59.75
5,2,9,87.16
1,1,7,55.75
2,1,5,41.3
5,2,11,92.7
4,3,2,35.99
6,4,1,24.61
2,1,2,26.92
6,5,1,26.79
2,1,3,33.98
4,3,6,70.04
6,4,8,87.32
3,3,3,48.17
1,1,10,80.19
3,1,9,83.93
5,2,10,92.33
4,3,5,46.9
3,1,7,41.93
2,3,8,62.07
5,3,3,16.92
5,3,2,35.26
3,1,2,17.75
3,3,5,55.87
4,3,1,21.2
1,1,2,26.82
3,1,9,83.11
3,1,7,61.43
6,5,6,74.03
2,1,9,78.43
6,5,7,94.92
6,4,11,87.95
5,4,5,53.29
1,2,9,90.65
2,3,6,74.08
4,3,6,67.27
4,2,11,96.16
3,2,4,60.62
3,1,12,102.78
4,4,1,28.31
3,3,5,68.32
1,2,11,102.76
6,5,9,106.4
3,3,8,89.57
5,2,8,70.28
3,1,5,62.68
2,3,12,86.38
1,1,9,57.2
2,2,3,27.2
2,3,3,34.77
5,2,1,21.63
1,1,9,70.11
1,1,6,52.88
1,1,2,18.95
1,2,8,94.04
1,1,12,92.95
5,3,9,70.17
3,2,9,93.19
2,2,2,18.86
1,1,2,20.08
3,3,7,64.54
3,3,11,110.37
2,1,4,23.26
5,2,1,-9.99
4,4,8,96.96
4,3,2,33.47
3,2,3,44.73
6,5,5,77.62
6,4,3,34.84
2,1,7,61.61
4,3,7,76.05
3,2,2,24.92
5,3,7,67.88
4,4,11,105.86
3,1,6,63.84
3,2,10,87.41
1,2,9,88.0
5,3,9,90.47
1,1,2,11.36
2,2,7,69.02
1,1,5,29.61
1,1,6,57.01
4,2,1,26.91
6,4,7,87.21
3,1,6,43.47
5,3,4,41.64
1,1,1,15.84
5,4,9,87.24
6,5,4,37.71
6,3,2,25.58
1,1,8,71.8
2,1,2,31.68
1,2,5,66.89
4,2,11,99.25
3,1,6,58.66
2,3,11,112.61
1,1,8,48.49
5,2,11,87.81
2,3,1,24.03
2,2,1,33.56
1,2,12,112.3
2,1,4,40.3
5,3,5,52.72
6,4,9,96.27
2,3,11,97.04
6,5,7,73.2
5,4,7,69.07
1,1,8,82.4
3,2,5,41.6
2,1,5,41.01
3,2,1,22.71
5,2,9,73.2
2,3,6,65.26
6,5,9,99.26
4,3,3,32.76
3,3,5,52.41
2,3,2,21.56
3,2,10,103.83
2,1,5,47.58
1,1,8,58.51
6,3,11,104.26
3,2,2,27.72
4,3,8,56.57
4,4,4,65.4
5,3,10,85.1
2,2,10,110.9
3,1,1,20.95
5,4,5,48.73
3,1,1,9.86
2,1,7,70.23
4,4,8,81.62
1,2,3,45.78
4,4,3,40.24
5,3,7,70.21
6,5,4,66.5
1,2,3,40.03
5,4,8,74.75
2,1,3,33.34
1,1,7,62.67
5,3,2,21.88
2,1,11,79.1
4,3,11,83.69
6,3,1,20.06
2,3,12,110.46
3,1,6,58.05
2,2,8,82.2
2,1,1,8.86
6,5,10,104.17
3,2,12,98.41
5,4,9,92.87
5,4,3,53.69
2,2,3,35.01
3,3,4,58.63
3,3,11,112.52
6,3,1,37.58
4,4,9,93.29
5,4,11,102.68
6,5,3,55.21
1,2,10,86.27
5,3,4,52.9
6,3,1,16.37
5,4,4,43.72
4,4,1,40.16
1,1,5,34.87
4,4,5,70.22
1,1,11,98.86
2,1,7,61.94
6,3,8,60.07
1,2,4,56.86
4,4,7,66.65
5,4,4,61.53
1,1,3,22.09
6,5,6,65.29
1,2,4,48.69
3,1,3,34.38
5,4,9,80.55
6,3,5,69.37
6,5,7,78.94
2,1,12,101.69
4,4,6,65.03
2,1,10,73.97
6,4,5,67.35
5,2,7,68.9
1,1,11,84.95
1,1,6,62.44
5,4,10,100.55
6,5,2,41.76
1,2,3,51.77
1,1,2,4.92
1,1,12,84.79
4,2,3,20.04
4,3,1,26.64
3,1,8,65.41
2,1,6,50.2
5,2,2,16.58
5,3,8,95.65
5,4,6,88.01
3,2,7,74.99
4,2,11,82.93
6,3,1,18.13
6,4,7,84.27
3,1,3,28.54
6,3,11,112.02
5,3,12,123.48
2,2,8,93.07
1,1,6,46.45
4,2,4,42.81
4,2,11,93.59
3,3,8,58.99
4,4,9,99.02
5,3,10,100.63
6,5,2,35.53
5,2,6,42.02
3,3,5,51.16
5,2,5,57.31
6,4,10,113.37
2,2,11,90.87
3,1,3,40.08
2,3,12,117.22
1,1,8,73.13
2,2,8,61.06
1,2,12,93.5
1,2,5,41.69
2,1,8,65.74
3,3,10,113.01
6,5,8,82.38
5,4,3,51.71
5,2,2,21.35
6,3,9,91.73
1,1,2,20.37
1,1,9,78.77
3,2,4,45.7
4,4,12,113.51
2,2,2,29.74
1,1,10,97.34
5,4,1,20.46
3,2,4,53.86
2,1,9,74.35
3,1,12,97.29
2,1,9,84.0
2,1,4,33.59
6,4,9,95.19
1,1,12,103.26
3,3,6,42.17
3,2,1,22.18
6,4,10,85.59
5,3,6,49.35
5,4,9,95.66
1,1,2,26.37
1,1,6,65.05
4,4,2,25.11
6,5,4,49.59
5,4,8,88.64
2,1,7,73.24
3,2,11,99.92
1,2,12,97.22
3,1,9,92.06
3,3,7,68.38
4,4,1,25.69
5,4,2,21.64
1,2,6,65.24
3,3,7,79.53
1,1,3,21.94
2,2,9,99.51
4,3,7,65.13
2,2,6,64.25
1,1,6,55.24
1,1,1,-7.26
5,2,5,55.44
3,1,10,89.54
3,3,3,21.34
2,3,7,86.25
4,4,10,104.58
6,4,3,56.39
3,3,5,37.84
5,3,7,66.9
2,3,3,50.81
2,2,10,74.32
6,5,2,37.19
5,4,6,72.07
4,2,8,55.05
5,4,4,38.79
4,4,9,105.82
5,2,12,106.6
5,3,12,122.77
1,1,8,70.82
2,1,7,85.56
5,3,7,75.39
6,5,3,61.7
5,3,6,60.54
3,3,5,57.11
2,3,1,29.42
3,2,11,106.08
2,1,3,28.61
3,2,12,106.03
5,4,1,33.02
5,3,4,52.01
1,1,10,74.75
6,5,3,51.25
3,1,11,96.21
4,3,4,37.24
1,2,9,91.06
3,3,3,43.13
3,2,12,129.31
1,1,6,52.74
5,3,6,74.36
3,1,7,66.39
5,2,9,101.21
1,1,12,91.3
5,2,7,61.05
2,2,1,8.64
4,4,8,83.22
3,3,5,43.75
6,5,9,81.74
4,4,10,78.67
5,4,12,94.03
3,3,5,61.56
5,3,5,50.45
2,1,12,88.66
1,2,12,99.41
3,2,2,20.72
2,3,12,101.35
2,3,11,119.06
3,1,3,43.17
5,2,10,105.88
6,3,9,88.79
2,3,7,73.8
4,4,1,21.47
2,3,3,30.53
6,3,12,111.22
5,3,2,37.52
5,4,1,39.96
4,4,9,86.54
2,3,8,66.47
5,3,5,62.34
6,5,11,94.82
3,2,12,105.61
1,2,2,26.89
1,1,1,9.21
1,2,7,50.55
2,1,11,89.34
4,2,11,114.43
5,2,2,31.92
3,1,1,24.62
6,5,2,28.83
3,1,7,63.56
6,4,7,76.88
2,1,10,86.08
1,1,6,58.56
2,1,5,46.47
4,4,3,32.11
4,2,12,112.13
6,4,3,52.41
5,2,11,111.19
5,2,12,119.64
6,3,9,91.76
4,3,4,35.57
4,2,9,66.71
4,3,4,44.73
2,2,2,35.19
4,2,4,50.55
3,2,6,60.74
1,2,6,57.63
4,2,5,69.04
6,3,1,28.74
1,1,3,28.13
2,2,5,43.55
6,3,6,52.91
1,2,1,6.93
6,4,9,81.92
2,2,3,36.81
3,3,10,94.82
2,3,3,35.74
2,1,11,100.36
6,5,2,59.09
5,2,8,65.77
4,4,3,37.26
4,3,6,40.83
3,1,2,20.74
3,1,7,59.72
4,2,4,50.93
5,4,9,91.13
4,3,10,89.12
5,2,9,83.93
3,1,7,66.57
1,1,12,84.82
6,3,8,89.07
3,2,3,47.06
3,3,11,108.47
2,2,5,40.65
2,1,2,17.74
2,2,10,101.83
6,3,7,61.22
2,3,8,85.29
5,4,9,91.49
4,4,11,109.6
1,1,11,84.64
3,2,7,69.31
5,4,10,102.59
1,1,10,69.91
5,2,8,73.96
5,3,12,117.14
3,3,9,83.15
4,2,6,33.52
2,2,12,104.85
6,5,12,135.66
4,3,10,91.56
6,4,2,50.29
3,1,2,12.88
3,1,4,25.39
3,1,9,76.95
1,1,7,52.77
6,3,2,34.3
4,3,8,75.27
4,3,11,117.74
5,2,7,61.58
5,4,9,92.9
5,4,8,89.96
3,3,3,48.56
4,3,1,37.8
6,4,2,33.65
3,2,2,22.01
1,1,4,17.86
5,3,6,83.42
3,1,4,40.61
3,1,9,84.52
1,2,4,47.56
2,3,6,63.5
4,4,6,71.5
6,3,10,89.4
2,1,11,89.98
5,2,10,80.5
3,2,1,33.57
1,1,8,74.61
1,2,12,125.76
4,4,3,66.96
2,1,6,38.96
4,2,3,43.85
3,3,11,89.42
4,2,2,27.77
6,5,5,68.15
1,1,1,0.13
1,2,9,74.62
5,3,11,106.6
5,2,7,67.76
3,1,3,18.82
6,4,4,45.02
2,1,6,38.09
4,3,3,26.97
3,1,12,97.29
5,4,7,85.87
4,2,6,69.14
5,4,9,110.33
4,4,12,120.24
2,2,5,51.88
3,1,4,41.95
4,3,3,43.86
6,3,10,78.83
1,2,1,36.89
6,5,3,29.69
6,3,3,50.49
1,1,7,61.56
6,4,7,65.11
4,2,12,111.31
4,2,1,16.82
4,2,3,27.17
1,1,8,55.19
6,3,9,72.34
1,2,7,59.89
4,3,7,67.13
6,4,12,103.89
6,5,11,113.38
5,4,8,73.32
5,4,6,71.6
2,1,11,105.31
3,3,3,41.89
5,2,1,17.06
1,1,7,55.65
5,3,1,37.46
2,3,1,21.06
6,3,9,111.9
2,3,10,83.17
6,5,7,83.9
6,3,11,117.13
3,3,4,40.1
5,3,6,60.64
1,2,1,24.26
1,1,7,64.88
4,2,12,111.6
6,4,6,79.6
1,1,4,33.53
3,1,7,75.37
6,4,3,26.8
3,3,1,33.77
1,1,4,48.47
1,2,3,26.26
4,3,1,8.49
1,2,2,23.68
6,4,11,112.04
6,5,5,61.65
6,4,8,89.02
4,4,1,47.38
4,3,4,33.35
1,1,4,17.46
2,3,5,54.31
2,2,7,59.2
4,4,12,111.2
1,2,8,86.67
2,2,6,56.79
1,2,1,17.71
1,1,7,56.63
1,1,3,28.61
5,4,6,70.69
6,3,8,106.85
1,2,7,68.8
5,4,10,111.63
4,4,6,69.86
2,2,9,61.72
6,3,9,81.33
2,3,1,25.79
6,4,1,35.23
2,3,1,25.1
6,4,8,93.2
2,3,12,96.4
2,1,12,101.49
2,1,10,98.28
2,3,7,61.28
4,3,3,50.21
1,2,2,36.69
3,2,4,29.63
5,4,3,47.38
3,2,7,67.59
3,1,10,83.24
6,5,8,73.73
1,1,6,50.37
6,3,3,37.44
1,2,6,41.02
1,2,2,12.95
2,2,12,96.73
4,3,7,60.52
2,1,11,96.26
4,3,10,104.12
6,4,7,72.89
4,4,4,59.66
6,4,8,93.52
3,1,4,36.15
3,2,7,70.08
4,2,4,39.77
4,4,12,104.77
6,3,5,47.53
2,2,7,69.26
6,5,10,103.79
2,2,3,41.37
3,3,10,76.13
1,2,5,33.53
4,3,11,87.72
2,2,3,35.67
6,5,5,51.22
3,3,3,42.2
2,2,11,105.53
6,3,10,110.16
4,3,11,117.06
4,4,7,69.05
5,3,1,6.3
1,1,9,70.68
5,3,9,96.77
3,3,5,51.1
2,2,9,81.76
3,3,10,89.43
6,5,6,88.81
4,3,5,44.86
5,4,3,44.67
5,4,11,119.08
5,2,11,116.42
3,1,8,62.05
4,2,4,51.61
2,1,10,78.68
6,5,3,62.77
2,2,6,75.29
3,3,8,70.1
6,5,9,103.53
5,4,6,79.13
1,1,5,42.06
3,1,12,106.48
3,3,11,109.0
4,4,2,56.1
2,1,2,1.29
3,3,9,86.44
3,2,2,13.5
5,4,2,36.14
5,4,3,36.17
6,3,3,36.45
1,2,4,33.26
4,4,7,77.55
1,1,9,87.74
6,3,2,27.27
5,2,4,56.31
2,2,9,92.44
5,4,2,56.34
4,2,10,94.11
5,2,11,97.38
4,4,1,12.15
4,4,10,92.18
4,2,8,71.92
6,5,9,96.1
4,2,7,89.49
4,4,8,81.93
2,3,4,29.32
1,1,4,43.65
3,3,2,37.06
1,1,8,64.41
4,4,11,129.28
2,1,2,2.03
5,2,9,94.49
2,3,4,44.09
4,4,1,18.5
2,1,4,61.0
2,3,3,46.37
4,3,12,108.02
6,4,6,64.81
2,2,7,68.75
3,2,8,69.38
3,2,2,39.0
2,3,6,63.88
6,5,6,83.18
5,3,10,97.08
4,4,12,124.7
3,3,5,68.46
5,3,10,111.81
2,3,10,99.91
5,4,7,67.33
1,2,3,32.27
3,2,4,41.74
2,3,10,89.27
4,2,9,74.6
6,3,4,48.75
2,2,3,24.17
4,2,2,14.23
6,4,5,43.06
6,3,4,51.8
2,1,8,72.41
5,2,7,62.75
5,3,6,72.94
6,4,11,98.01
5,4,12,119.81
1,1,2,21.54
6,3,3,31.59
6,3,10,90.07
4,3,9,81.31
5,3,9,89.53
6,4,5,65.93
1,2,3,29.74
4,2,2,18.88
2,3,8,80.37
6,5,6,56.48
1,1,10,85.34
3,1,11,108.62
1,1,12,93.96
1,1,7,59.23
4,4,1,38.25
2,2,1,25.55
3,2,10,90.62
5,2,2,25.41
5,2,10,77.64
1,1,3,33.91
4,2,12,92.57
4,3,1,2.35
5,2,5,60.08
3,1,3,32.87
2,1,1,21.8
3,1,8,61.63
6,4,12,120.66
6,5,11,108.61
2,1,6,49.73
5,3,9,96.74
2,2,3,32.5
4,2,9,75.04
6,5,9,83.34
1,1,12,104.61
1,1,12,111.59
5,4,1,20.17
4,3,3,45.89
3,1,6,43.57
4,4,8,91.49
1,1,4,37.33
1,1,5,47.68
6,4,9,85.03
4,2,6,61.58
4,4,12,110.02
1,1,7,56.86
3,1,7,45.82
5,2,4,34.28
5,4,4,46.75
4,2,4,45.13
5,2,11,103.96
1,1,5,38.92
1,1,5,43.36
4,3,8,95.86
4,2,9,83.31
6,4,2,30.63
4,2,11,81.2
3,3,7,62.46
5,3,1,14.07
4,3,1,42.78
2,2,4,33.52
6,4,10,100.51
2,3,7,74.71
1,1,2,32.07
5,3,11,103.08
4,4,2,30.9
2,2,1,12.23
5,2,10,93.56
1,1,2,14.16
3,3,7,59.96
6,3,9,81.89
5,4,6,54.76
5,2,10,108.51
3,1,2,26.97
5,2,12,122.21
1,1,10,89.85
1,2,10,105.25
3,3,9,90.67
6,5,7,88.26
4,2,11,76.66
2,2,1,8.86
4,2,12,106.37
5,4,9,92.61
2,2,2,25.24
3,2,4,46.53
3,2,9,86.94
6,5,4,65.65
2,2,3,40.69
1,1,1,25.04
2,1,7,73.12
5,2,6,59.75
1,1,10,105.82
3,2,4,55.59
2,1,6,44.93
4,2,6,61.93
6,3,4,28.57
4,4,6,51.26
6,5,10,100.01
5,2,11,89.25
4,3,8,74.07
2,1,3,32.28
2,3,4,59.25
4,3,10,106.72
2,3,12,115.13
5,3,1,12.13
1,2,4,36.43
5,3,11,109.37
6,4,10,91.74
5,3,10,82.33
6,4,12,120.92
2,3,9,86.52
1,2,8,71.89
2,2,11,109.1
3,2,4,52.89
2,3,12,128.81
6,4,7,69.49
2,2,10,94.3
2,2,3,34.19
1,1,9,80.38
2,2,10,78.66
1,1,4,22.98
4,3,2,30.6
3,3,10,86.57
1,1,5,54.38
6,3,2,15.99
4,3,10,80.82
1,1,6,48.83
1,1,11,77.62
3,3,10,111.76
6,5,1,31.17
5,3,6,56.97
5,4,4,56.68
1,2,3,42.84
2,2,2,28.07
6,5,7,80.32
4,3,9,77.17
2,1,12,107.31
2,2,3,48.17
6,3,6,60.8
1,1,9,68.51
1,2,2,27.81
1,2,7,66.03
1,2,5,37.84
5,3,5,49.97
1,2,11,115.88
5,2,7,52.52
5,4,9,85.09
1,2,4,32.51
3,2,9,73.4
4,3,11,98.55
2,1,10,89.48
5,3,9,100.09
6,5,4,59.03
6,4,3,37.16
4,2,2,41.4
6,5,9,76.31
3,1,12,107.73
6,4,2,25.73
2,2,6,57.49
2,1,5,50.63
5,4,5,43.95
1,1,4,38.42
3,2,6,60.18
5,4,5,74.62
3,2,11,125.15
1,1,4,21.47
6,4,9,106.17
6,4,6,67.62
1,2,11,89.91
5,2,10,93.69
1,2,10,76.98
4,3,10,82.57
2,2,3,16.65
5,4,10,105.46
3,3,6,66.27
4,4,1,19.86
5,2,5,65.24
1,1,10,78.37
1,2,6,70.83
1,1,11,94.22
1,1,8,62.24
3,1,11,91.85
4,2,9,69.46
6,3,11,105.17
2,2,3,34.31
3,1,2,26.27
3,1,4,45.79
6,5,8,90.16
6,3,11,88.24
2,3,8,88.32
2,1,3,29.15
6,3,4,28.06
1,2,3,37.1
3,1,10,88.85
5,3,2,27.42
2,2,4,40.02
2,1,6,47.05
6,4,11,112.16
4,4,11,109.4
5,2,5,40.92
5,2,3,50.18
2,3,2,24.34
1,2,9,54.93
4,4,1,23.29
5,2,9,92.31
2,3,1,20.93
5,4,7,59.65
4,3,6,52.72
4,3,7,60.19
3,1,3,23.25
6,4,3,41.38
6,4,11,112.94
2,3,1,24.28
4,4,4,53.76
3,2,12,123.79
3,2,2,34.61
5,3,10,102.73
5,2,8,55.87
3,1,3,21.48
5,2,7,50.03
4,3,7,63.31
1,1,12,108.95
4,2,9,78.07
3,1,6,63.72
3,2,1,24.93
4,4,8,84.5
5,2,1,28.96
5,3,3,52.64
6,4,11,112.54
3,3,5,57.3
2,2,8,80.33
6,4,9,77.93
5,2,7,64.82
4,2,9,81.76
5,4,11,104.31
4,4,3,36.11
6,4,5,69.98
3,1,10,86.7
5,4,8,86.61
4,4,12,130.25
3,3,1,21.05
2,2,8,70.11
4,2,7,79.61
6,5,1,18.09
2,1,10,85.51
2,3,12,103.62
1,2,10,92.93
5,2,12,111.72
4,2,6,64.28
2,1,1,23.26
1,1,2,18.47
6,5,5,63.1
3,2,2,31.27
4,2,10,98.88
2,3,1,10.0
5,3,6,66.14
1,2,8,70.05
2,2,8,74.87
5,2,8,70.43
2,2,11,90.77
4,4,6,57.81
4,4,11,106.49
4,4,3,47.58
6,5,1,26.97
6,3,2,42.9
1,1,5,69.58
4,2,10,94.13
5,2,5,49.59
2,1,10,75.88
3,3,1,26.7
5,4,1,42.77
6,5,9,116.48
6,4,2,49.96
5,4,7,84.43
6,4,10,104.1
4,4,4,41.51
1,2,7,65.0
2,1,8,66.84
1,1,5,44.07
2,1,12,93.81
2,2,12,113.58
1,1,1,10.26
5,4,4,48.45
2,2,10,82.84
1,2,3,36.32
2,2,10,104.97
3,2,12,105.9
5,3,5,57.82
4,2,10,109.35
2,2,10,102.03
3,1,6,58.88
4,2,2,31.46
4,3,7,64.97
2,3,3,31.99
1,2,1,19.41
2,3,10,96.67
3,2,3,25.5
4,4,9,99.03
2,1,10,82.23
1,2,11,109.27
2,2,11,97.45
5,4,6,66.56
1,1,11,83.63
3,2,6,49.72
4,4,4,65.18
2,2,8,76.69
1,1,5,48.89
5,3,7,87.01
1,2,9,68.82
6,4,5,66.71
5,4,11,92.12
3,1,5,40.62
4,4,4,40.55
3,1,6,61.59
2,3,2,12.1
1,1,3,26.7
6,5,1,21.41
5,3,2,22.45
5,2,2,18.99
1,2,8,87.19
6,4,8,80.65
1,1,2,38.27
2,1,6,72.37
3,3,5,76.14
5,2,3,33.41
2,2,5,52.1
3,1,5,48.78
2,1,5,41.33
6,4,3,48.24
5,2,3,24.65
1,1,4,18.25
1,1,7,68.14
3,1,12,97.5
4,3,12,101.23
6,3,12,102.5
3,2,2,41.15
4,2,10,94.64
2,1,4,21.78
6,3,4,35.13
2,1,1,10.08
5,3,10,99.76
6,4,8,76.05
4,3,1,21.27
5,4,8,85.15
1,1,7,62.35
4,2,9,58.05
3,2,8,76.22
1,2,5,32.67
1,1,8,66.14
3,2,11,92.99
6,3,10,84.21
1,1,12,109.43
4,3,12,99.76
5,3,3,33.77
1,1,10,93.79
4,2,7,60.48
2,2,12,98.41
4,2,4,39.32
5,2,5,55.41
4,3,9,101.46
3,1,7,51.64
5,2,4,33.45
6,5,6,70.24
2,2,10,92.3
3,3,11,95.3
6,5,7,87.89
4,4,10,90.83
5,2,9,62.99
2,1,4,42.32
3,3,10,101.48
6,5,3,59.45
6,5,8,69.08
2,1,1,6.34
4,4,9,89.49
2,3,1,40.57
6,4,2,34.41
1,1,8,55.53
3,1,9,79.97
2,2,7,79.09
6,4,3,54.97
4,3,7,76.62
6,3,6,65.63
4,3,2,8.32
2,1,3,29.26
4,4,11,109.78
5,3,12,109.4
5,2,10,97.07
5,3,10,93.24
1,2,12,102.31
2,1,5,55.39
6,3,10,90.86
6,3,4,47.65
1,2,2,34.98
4,4,4,41.89
1,2,12,94.81
4,2,8,87.58
4,4,5,54.07
3,2,5,56.92
6,5,12,103.25
5,2,12,80.97
4,3,10,98.64
3,3,3,37.72
6,4,8,87.74
5,3,6,81.75
4,2,2,13.63
4,3,2,31.38
1,1,9,91.77
1,1,7,50.07
6,3,10,89.15
5,2,9,64.33
4,3,6,85.38
6,4,5,37.95
6,4,12,123.99
2,1,1,-0.2
1,2,12,95.49
5,3,6,73.64
4,4,6,60.57
6,3,3,45.52
4,3,3,52.8
2,3,3,41.01
5,3,3,47.89
6,4,7,76.81
4,3,10,96.27
1,2,11,91.65
2,1,2,40.29
5,3,10,102.43
2,1,10,90.22
1,1,2,28.7
5,4,3,37.23
2,3,10,104.31
3,1,12,116.56
1,1,7,47.19
1,2,3,39.42
1,1,7,61.63
3,2,9,76.81
3,2,11,87.07
4,2,10,100.52
6,4,12,118.08
2,1,11,90.93
4,2,4,47.42
2,2,7,64.73
6,4,9,84.96
3,2,8,75.29
6,4,8,83.72
3,1,9,59.26
6,4,5,53.7
4,3,5,42.36
5,2,3,17.49
4,4,5,64.68
2,3,8,72.31
4,2,12,116.41
1,2,5,31.71
2,1,4,34.02
6,4,8,77.84
2,2,7,50.22
5,4,6,68.05
3,2,5,35.09
6,5,5,67.23
2,3,10,102.21
6,4,2,38.68
6,4,4,55.94
6,5,8,99.31
3,2,8,73.73
4,2,11,89.74
6,4,1,21.91
1,1,2,15.13
5,2,5,39.57
3,2,9,89.84
2,2,10,95.27
3,3,11,86.35
2,2,12,97.74
3,2,11,87.08
2,1,7,64.17
6,5,10,115.77
4,4,5,64.48
2,3,1,15.99
2,2,6,54.81
1,2,12,92.07
2,1,8,55.84
1,2,7,74.46
5,2,2,40.44
6,5,12,113.85
1,2,5,50.48
4,2,11,105.21
6,5,4,40.36
1,2,9,71.51
6,5,10,124.94
6,4,1,18.42
6,3,12,107.38
5,4,6,61.97
4,2,3,14.05
3,1,11,93.83
3,1,9,76.75
1,2,5,51.81
6,5,6,72.15
1,1,11,88.4
5,3,9,81.83
5,2,9,77.0
2,2,8,64.11
5,2,9,73.66
2,1,4,27.28
4,2,6,63.73
1,2,5,53.06
4,3,5,55.27
5,3,4,66.42
4,2,2,16.74
4,4,12,127.19
4,4,6,65.4
5,3,9,88.57
6,5,12,127.71
4,3,1,18.22
2,2,7,55.43
5,3,6,54.08
4,4,3,22.94
6,4,1,34.07
5,3,4,52.83
3,1,9,92.84
6,4,2,40.15
2,2,3,40.55
4,2,2,25.18
3,1,2,25.65
3,3,10,105.9
5,3,11,104.81
3,3,11,97.79
2,3,8,76.8
2,1,3,36.52
1,2,7,61.09
2,2,8,82.89
6,3,3,58.09
3,2,2,35.01
2,2,8,81.47
5,2,3,37.48
1,1,7,53.23
3,1,12,92.32
1,1,1,4.22
3,1,12,106.55
5,4,6,64.11
1,1,12,100.71
4,2,12,110.19
6,4,9,83.6
6,4,12,110.98
3,2,3,37.23
4,2,7,63.09
1,2,6,56.03
4,4,8,73.67
4,4,3,42.16
1,1,3,45.52
5,4,4,47.54
4,2,3,22.53
4,3,9,96.58
5,3,11,108.23
4,4,4,54.13
4,2,6,44.81
4,3,8,67.23
6,3,11,87.63
2,1,8,73.32
5,3,5,65.2
4,2,5,54.65
6,4,6,87.5
5,3,10,90.58
3,2,7,62.76
3,1,10,86.07
4,3,7,68.71
6,3,4,51.99
6,4,6,61.6
5,3,7,57.05
5,4,5,42.11
6,5,5,69.81
5,4,2,30.74
6,3,7,59.3
2,1,12,94.81
6,4,6,87.53
3,2,11,86.89
5,3,1,30.27
6,4,4,56.21
6,3,3,52.41
5,3,12,109.77
2,2,3,18.4
2,3,7,80.93
5,3,11,100.5
1,1,12,113.74
5,3,10,103.16
5,2,4,51.96
2,3,12,134.68
2,2,8,76.82
5,3,11,117.43
5,4,9,87.95
5,3,3,44.41
2,1,5,39.98
5,3,4,51.79
5,2,12,109.75
4,2,10,69.39
1,1,6,46.88
3,3,11,105.3
1,1,10,62.43
4,4,4,51.04
3,2,8,84.08
5,2,3,47.0
4,3,11,95.18
5,4,5,73.64
2,2,1,30.08
6,4,6,46.52
4,2,11,99.16
2,2,5,52.26
4,3,8,94.19
4,3,9,89.86
2,1,8,82.94
3,3,8,71.19
1,2,12,90.02
5,3,3,32.52
4,2,4,57.77
5,3,11,112.26
6,5,4,80.22
2,1,11,78.57
5,4,5,70.41
2,3,9,94.55
5,2,12,103.15
1,1,9,84.76
1,1,10,86.4
1,1,12,105.6
1,2,1,24.81
1,1,8,78.8
1,1,1,13.87
2,2,2,43.77
4,4,7,73.84
5,4,8,102.84
1,1,1,1.72
2,1,3,19.15
2,2,7,56.73
2,2,9,91.57
4,3,8,70.95
5,3,8,93.9
4,2,9,76.74
3,2,10,93.99
2,1,3,35.4
3,2,8,63.84
6,5,1,19.09
1,1,8,71.83
1,2,7,63.23
4,3,8,83.98
5,3,1,9.54
3,2,6,54.43
5,2,7,64.18
4,4,11,83.63
1,1,5,54.95
5,2,5,42.43
5,3,7,85.99
1,2,11,91.07
3,2,3,28.79
1,1,6,40.58
5,3,7,82.47
3,3,1,27.54
3,2,12,120.0
1,2,2,23.93
5,4,12,115.58
4,3,4,30.18
5,2,8,67.76
2,2,11,99.7
6,3,10,98.87
4,2,6,76.24
3,2,1,-0.51
4,2,10,92.29
3,1,5,41.24
3,2,7,66.76
4,3,6,64.03
3,2,12,104.09
3,1,9,65.67
2,3,8,65.81
5,2,4,39.35
5,4,11,93.79
6,4,12,114.87
6,5,5,62.47
2,2,7,41.5
6,4,8,103.34
4,4,5,60.77
1,1,9,52.63
1,2,10,92.47
1,1,12,98.97
2,1,4,23.82
2,1,4,40.09
3,2,8,64.58
1,1,1,14.93
4,4,8,76.98
6,3,5,45.94
4,4,11,107.84
6,4,1,11.78
1,1,4,36.17
1,2,2,32.57
1,1,4,49.71
2,1,8,79.89
6,5,5,78.53
2,1,1,8.45
2,1,7,50.75
5,2,1,26.15
4,4,9,86.83
4,3,3,39.06
3,1,12,108.47
2,1,3,49.21
6,3,6,68.29
5,3,10,97.05
5,3,6,51.79
4,4,11,119.69
2,2,11,102.09
3,3,6,59.53
2,3,1,18.5
1,2,5,45.93
2,3,12,111.44
1,2,6,43.41
1,1,8,81.18
3,2,1,28.35
6,3,5,53.33
4,4,3,39.95
2,2,2,25.77
1,1,11,94.47
2,1,8,66.0
6,5,7,90.99
4,2,10,75.76
6,3,7,63.88
4,2,5,57.75
5,2,12,109.24
4,2,9,75.2
3,3,5,59.0
6,5,2,33.07
1,1,3,25.9
5,4,4,62.44
3,3,5,64.33
2,2,3,36.88
6,3,12,100.49
1,2,7,62.22
4,4,5,60.96
1,1,5,59.55
2,2,6,40.18
5,2,7,57.28
5,3,10,106.29
6,3,10,108.6
5,2,8,73.3
6,3,9,102.38
6,3,11,95.67
6,4,4,36.91
4,3,5,62.9
3,3,5,67.95
6,3,8,91.78
6,4,9,83.37
3,2,7,67.99
1,1,5,53.4
6,3,3,42.01
4,4,1,42.46
5,3,11,98.95
5,2,9,81.29
2,2,5,52.36
2,2,9,90.33
5,4,10,98.06
5,3,12,120.27
4,3,4,63.05
3,1,5,39.82
2,1,4,35.35
3,3,2,40.68
4,2,12,125.28
5,2,1,24.36
6,5,8,81.14
3,2,4,43.98
5,4,5,69.6
5,2,6,49.87
1,2,8,63.22
3,2,11,94.55
6,5,8,95.6
3,1,7,47.31
5,2,4,35.07
6,5,6,75.74
4,3,4,57.91
1,2,7,68.9
5,3,12,114.75
2,2,12,116.05
2,3,11,118.97
1,1,1,27.86
4,2,5,29.59
5,4,10,100.98
3,2,12,115.13
1,1,10,102.0
4,4,4,58.41
3,1,11,84.41
2,1,7,53.73
2,1,9,70.01
3,2,5,53.08
1,2,4,37.2
2,3,9,56.55
5,3,5,43.22
6,5,9,92.56
3,1,8,55.38
3,3,4,34.86
2,2,11,118.51
1,1,11,92.91
5,3,7,67.14
1,1,5,51.67
4,2,10,101.46
4,4,4,74.41
6,3,5,72.05
2,2,5,54.35
2,3,11,87.67
2,2,9,71.98
6,3,12,106.98
4,3,9,92.07
1,1,6,53.94
6,3,4,32.27
6,5,2,24.48
1,1,3,31.59
2,1,2,22.2
5,4,5,57.9
1,2,6,62.83
4,4,11,120.47
3,2,5,53.1
3,2,2,16.58
6,4,12,135.15
3,3,5,53.24
5,3,9,87.5
2,1,4,30.46
4,3,12,100.26
5,3,10,85.07
4,4,2,23.87
4,3,3,8.9
2,1,3,27.44
6,5,9,108.02
3,1,4,27.16
2,3,1,48.59
5,4,1,41.86
6,4,7,75.82
5,2,7,54.89
6,5,2,25.03
5,3,9,85.86
2,3,9,87.68
6,5,5,62.96
6,5,3,59.69
4,4,3,58.97
4,4,12,120.73
1,2,3,39.26
5,3,6,59.84
4,4,4,51.95
1,1,8,73.12
4,3,11,99.83
5,2,11,104.61
6,5,11,102.44
3,1,5,37.68
5,4,1,17.53
2,3,9,80.31
4,3,1,20.13
4,3,6,73.29
6,5,1,33.41
2,2,3,21.16
6,3,10,80.98
2,2,5,45.84
3,2,10,98.34
4,2,7,80.03
4,3,10,79.09
3,3,8,82.72
1,1,12,96.98
6,5,9,93.76
3,1,6,42.36
6,5,11,110.8
5,4,9,80.91
4,3,8,76.34
6,5,9,108.48
2,2,10,96.31
6,3,4,66.14
5,4,9,97.26
4,4,7,77.75
3,1,5,50.53
5,2,5,42.24
4,4,1,7.14
6,3,2,38.96
1,1,10,67.05
1,1,3,40.22
2,1,8,76.51
4,4,6,59.5
1,1,12,96.64
3,1,10,84.88
4,3,11,93.78
3,2,5,55.41
3,2,1,24.29
1,2,12,91.57
4,2,11,89.77
6,5,12,120.63
5,2,9,93.41
1,1,3,35.52
1,2,3,10.69
6,4,2,33.08
4,3,4,51.73
4,2,12,98.0
3,3,2,22.23
6,4,9,84.53
6,4,12,112.92
4,2,10,80.21
3,1,7,67.6
1,2,8,65.39
2,1,3,18.64
5,3,6,59.01
1,1,10,99.79
4,3,6,68.25
5,3,1,28.89
2,3,6,65.86
2,3,3,29.53
3,1,11,86.6
5,2,3,25.9
3,1,3,39.92
1,2,10,92.95
6,4,11,91.33
6,3,11,117.53
6,4,10,96.68
5,2,11,104.53
6,3,8,89.52
1,1,5,19.38
3,1,4,41.55
5,2,9,79.47
3,2,9,57.78
5,2,1,6.67
3,2,2,21.45
2,3,8,87.46
3,1,5,43.24
6,4,7,77.48
2,3,1,19.44
3,3,12,121.88
5,4,10,105.21
5,3,12,112.63
5,2,5,38.57
4,2,11,99.2
1,1,12,128.82
5,2,3,41.95
2,2,10,82.61
5,2,12,124.52
4,4,12,108.17
6,3,2,38.14
2,2,2,25.54
4,3,9,88.82
6,5,4,59.19
2,2,4,39.52
3,1,7,57.11
1,1,10,71.83
1,2,10,78.75
4,3,2,34.34
6,5,3,42.17
1,1,3,19.9
6,5,6,101.27
6,4,3,68.89
4,4,11,113.81
4,3,5,62.22
4,3,4,38.88
1,1,3,17.15
4,2,8,70.6
1,1,10,85.0
4,3,3,46.13
5,4,6,49.7
6,4,7,97.47
4,2,7,68.48
2,1,2,5.49
6,5,3,50.57
6,3,12,101.98
4,2,10,80.27
3,1,10,74.38
4,4,4,49.44
6,4,7,97.03
2,1,2,21.93
6,5,3,55.94
2,1,7,70.39
1,2,7,64.55
5,2,10,78.39
6,5,3,33.01
4,2,12,102.13
1,1,1,24.44
5,2,12,115.35
4,4,3,46.56
3,1,5,48.89
4,3,7,69.63
2,1,4,32.19
2,3,11,95.62
3,3,11,88.29
1,1,1,30.97
5,4,6,69.71
4,2,2,21.58
2,1,12,119.21
1,1,3,49.12
3,3,4,74.45
6,3,6,60.52
2,1,6,54.05
3,1,7,67.51
4,3,5,71.62
5,4,7,76.62
2,3,2,21.17
2,3,1,15.47
4,3,12,122.77
6,5,10,111.21
1,1,8,67.27
5,3,1,20.61
2,3,12,109.27
5,2,2,38.39
2,1,11,85.11
5,4,12,103.87
3,3,10,113.17
2,2,6,58.25
5,4,1,27.21
1,1,10,91.71
3,3,3,29.11
3,1,7,68.5
1,1,12,97.17
5,4,8,95.26
4,3,4,31.66
1,1,12,105.51
5,3,3,36.69
1,2,1,10.95
1,2,12,113.71
2,1,9,75.52
5,4,10,104.66
4,2,6,70.66
2,2,6,65.91
1,1,9,66.2
6,3,1,17.58
1,1,6,57.59
1,1,12,108.94
5,2,5,46.09
5,4,11,109.98
2,2,6,59.92
4,2,11,101.31
2,2,8,62.21
3,2,5,35.85
1,1,2,-1.59
6,5,12,122.06
1,1,12,87.36
1,1,2,42.37
2,2,10,96.54
6,5,5,53.18
6,5,3,60.35
6,5,10,116.37
2,1,3,41.19
1,1,8,60.92
2,3,7,78.16
5,2,1,30.36
5,4,12,131.71
2,1,12,85.76
6,5,5,62.82
1,1,9,68.56
2,3,4,65.64
2,3,1,27.91
2,1,8,77.91
3,1,5,49.76
5,2,2,29.75
6,3,12,102.37
4,2,1,13.53
6,3,12,111.72
4,3,12,104.51
3,3,12,102.67
2,3,3,36.94
3,3,9,80.95
3,2,1,18.5
1,2,4,37.57
5,3,8,72.15
4,3,8,69.72
2,2,10,90.06
4,4,12,124.88
6,4,11,114.51
4,4,11,92.73
6,5,8,97.6
5,2,10,96.44
6,3,8,87.87
4,3,4,57.84
4,3,8,71.72
6,5,9,94.0
3,2,7,83.9
5,3,12,128.31
1,2,2,25.23
2,2,9,88.03
4,3,11,109.91
2,3,8,96.58
1,2,5,53.45
2,1,12,88.88
1,2,3,29.24
6,3,7,102.34
3,2,2,13.41
4,4,3,44.5
1,2,12,129.14
2,3,9,79.0
4,3,4,19.73
3,1,4,11.57
6,4,3,36.06
4,3,5,37.37
1,2,3,44.37
3,1,9,79.68
2,2,3,12.66
3,3,2,15.05
3,2,12,118.4
5,3,5,56.93
3,3,6,77.34
3,3,1,34.19
4,2,12,94.49
2,2,11,106.82
4,4,6,73.63
4,4,10,80.38
1,1,3,15.38
4,2,4,66.38
5,4,6,58.72
5,2,8,78.12
1,2,9,80.09
6,4,6,69.84
2,1,7,59.76
2,2,5,59.65
4,3,12,120.39
4,3,9,88.18
6,5,4,47.96
4,3,10,89.31
2,2,11,82.24
3,2,6,54.66
5,4,5,42.34
3,2,1,20.19
3,2,5,52.96
2,1,5,55.05
3,3,9,74.8
6,4,1,16.48
1,1,5,60.25
4,4,7,62.31
1,2,11,118.51
5,4,6,58.76
4,4,6,58.83
3,3,12,119.43
5,4,7,81.49
4,3,6,79.42
6,4,5,41.09
6,4,10,105.34
6,4,5,59.54
6,3,9,76.23
3,2,8,92.81
1,2,12,108.35
4,3,10,94.37
3,2,4,46.54
6,5,4,39.72
1,1,10,72.51
5,3,5,51.67
5,3,3,42.16
5,2,8,86.75
6,4,7,67.15
5,4,5,48.87
2,3,10,100.01
4,3,3,37.64
4,3,5,35.79
6,4,3,34.82
2,3,10,93.18
3,3,5,53.46
3,1,1,13.9
5,2,6,45.0
1,1,10,83.69
3,3,4,56.47
1,1,4,8.12
4,3,8,76.18
1,1,2,4.38
4,4,4,51.68
2,1,2,5.95
2,2,1,19.34
6,5,10,121.27
6,3,3,29.21
5,3,12,102.66
3,1,8,64.3
5,4,6,71.19
4,2,12,95.81
5,4,7,72.2
1,1,2,14.31
4,3,6,58.33
6,5,8,92.3
2,3,8,84.51
6,5,4,42.23
3,1,6,56.27
4,2,5,81.46
4,3,9,102.44
1,2,8,67.58
3,3,2,32.32
2,1,12,100.66
4,2,7,70.59
4,3,7,66.78
1,1,11,90.31
5,2,12,98.69
2,3,1,33.95
6,4,1,31.11
3,1,12,104.19
4,2,4,54.18
4,4,5,72.33
6,3,4,57.44
2,1,7,73.03
5,3,3,54.63
4,2,7,56.33
2,1,8,66.01
6,4,6,75.09
1,2,6,49.14
5,4,8,80.37
3,2,8,75.94
4,3,7,68.7
2,3,6,63.66
1,2,6,46.55
3,3,10,94.62
2,3,11,104.34
2,3,6,79.15
3,2,8,71.31
1,1,1,6.5
6,5,5,72.13
1,2,3,2.25
5,2,12,102.83
4,2,8,68.86
3,1,11,95.61
6,3,6,75.46
3,1,2,36.51
3,1,7,63.47
1,1,7,45.48
4,2,5,44.86
5,2,8,69.95
2,2,5,53.67
2,1,1,13.56
3,3,9,80.12
4,4,4,39.48
6,3,2,22.31
1,1,4,27.95
4,4,9,108.22
4,3,2,23.3
1,2,4,42.6
3,1,2,30.68
4,3,5,56.95
2,2,3,23.14
1,1,10,94.85
6,5,2,44.54
5,4,9,70.15
3,3,5,67.46
1,1,10,93.73
5,4,5,63.39
5,2,1,34.35
6,4,6,76.5
4,3,7,82.28
6,3,1,33.36
4,4,9,99.57
4,2,8,56.09
1,1,12,84.29
1,1,8,77.51
3,1,7,73.32
4,4,5,52.95
5,4,3,32.86
2,1,12,103.63
3,1,9,62.48
1,2,7,64.31
6,4,11,104.45
3,1,10,82.76
3,3,10,113.84
3,3,8,72.66
3,2,6,58.53
2,2,12,92.88
6,4,11,117.4
6,4,5,58.2
6,4,8,95.78
4,2,3,9.43
5,4,12,115.42
6,3,7,72.32
3,1,2,30.12
3,1,3,22.58
6,3,12,118.87
6,3,2,25.73
3,2,5,50.94
4,3,7,80.22
1,2,11,88.7
1,1,10,92.41
6,5,11,116.35
2,2,11,94.66
6,4,11,101.32
6,4,10,78.99
1,1,1,12.2
3,1,10,81.68
6,4,9,98.39
3,3,1,28.38
3,3,1,33.7
2,2,12,117.07
3,3,10,126.56
1,1,8,74.14
4,4,6,59.4
4,3,6,71.26
5,4,12,132.06
6,3,9,91.75
1,1,4,15.76
3,2,8,79.55
4,4,4,45.7
1,1,2,7.78
4,3,11,104.87
3,2,8,58.74
4,2,12,116.23
6,3,7,78.31
6,5,4,56.13
5,2,9,76.5
5,4,9,90.16
4,2,8,63.89
1,2,1,17.23
6,3,7,42.56
1,1,5,45.89
1,2,7,67.14
4,3,12,119.45
1,1,9,80.0
6,3,2,40.77
3,3,11,108.47
5,3,4,57.37
3,3,4,73.21
1,1,2,25.2
3,3,3,40.84
6,3,11,114.87
6,5,8,84.32
1,1,12,99.81
4,2,9,86.21
3,3,6,63.72
4,3,10,95.68
4,2,2,35.0
2,3,2,14.04
1,1,7,81.33
5,4,8,88.86
6,5,8,85.0
6,3,6,79.28
1,1,10,86.04
5,3,8,80.3
6,3,1,20.85
1,1,9,91.68
6,5,12,120.91
4,4,1,22.42
3,2,3,43.99
3,3,12,122.83
6,3,9,103.07
2,3,11,109.34
5,2,5,61.46
5,3,9,84.41
5,3,9,97.26
4,4,6,75.43
5,4,11,113.3
3,1,1,-2.57
4,2,10,86.12
1,2,7,65.54
5,4,6,73.32
5,3,9,111.01
1,1,7,69.59
5,3,12,102.9
1,2,11,93.2
4,4,12,129.9
3,3,4,41.76
1,1,7,71.19
2,3,2,32.17
1,1,6,51.34
5,4,6,62.91
4,4,2,5.54
6,5,4,62.4
4,4,8,73.48
6,5,8,74.82
1,1,8,71.48
3,1,8,79.3
2,3,1,6.03
4,3,2,41.03
5,4,12,106.97
6,5,4,63.49
5,4,12,121.79
3,2,9,79.93
6,4,3,44.3
4,3,6,59.04
1,1,7,63.64
5,3,8,81.55
3,1,7,51.76
4,2,3,20.42
4,3,6,73.08
4,3,5,57.04
4,3,12,119.7
6,3,10,88.3
4,4,4,43.76
5,3,1,12.88
3,2,7,64.19
6,4,8,86.32
4,2,2,20.56
2,1,7,76.65
2,3,6,56.58
3,2,5,52.49
1,1,4,28.17
1,2,2,19.27
6,4,10,99.14
6,3,6,54.67
6,4,5,60.89
1,1,2,25.4
2,1,10,95.93
1,1,7,50.2
5,2,6,59.68
4,3,12,110.38
6,4,11,89.52
2,3,9,75.71
3,2,11,102.75
3,1,10,71.47
4,3,5,54.27
2,3,9,65.78
1,2,9,80.97
1,1,1,-7.54
5,2,5,43.95
5,4,9,87.62
1,2,7,67.23
3,3,6,60.47
6,3,6,50.64
3,3,11,90.83
5,4,7,59.86
4,2,1,20.06
1,1,4,38.62
5,3,1,29.69
5,4,6,63.0
6,4,4,34.66
1,1,1,9.84
6,4,9,92.11
1,1,12,89.35
6,5,4,46.3
3,2,12,110.51
4,3,6,64.01
4,2,7,77.33
1,2,8,91.22
2,1,12,85.97
5,2,11,93.81
5,4,9,93.24
1,1,9,80.64
6,3,8,89.16
2,3,10,102.29
3,2,11,109.38
6,5,12,121.61
6,3,12,104.71
1,1,3,48.5
1,1,12,102.53
5,4,2,33.58
1,1,5,34.28
1,1,1,14.59
1,1,3,39.04
5,2,1,13.0
3,3,3,37.67
3,2,4,44.49
1,1,7,65.72
5,3,12,108.4
3,1,12,97.06
6,4,5,54.89
3,1,5,33.93
3,2,1,10.3
5,2,8,66.03
6,4,4,36.58
5,4,10,109.93
1,2,5,53.6
4,2,2,27.42
3,1,12,114.05
4,3,1,30.18
5,3,9,79.1
5,4,2,47.73
5,3,6,72.72
4,2,1,6.82
5,2,1,27.03
1,1,9,72.33
5,2,4,51.97
2,1,9,73.62
4,4,11,102.67
2,3,5,50.7
5,2,7,56.28
1,1,1,-1.8
3,1,6,28.01
6,5,8,78.45
6,3,1,49.31
5,4,9,96.78
1,2,3,52.64
4,2,1,14.82
2,1,1,8.32
2,2,11,115.17
2,3,6,66.76
4,3,11,93.45
6,3,6,69.33
1,2,1,30.51
4,3,3,24.72
2,2,7,70.65
5,3,10,81.38
3,1,3,40.97
4,2,3,36.31
4,2,3,40.3
1,2,12,103.83
1,1,7,43.18
4,4,4,47.59
2,2,4,51.3
3,2,3,53.94
1,1,10,87.82
2,2,11,91.14
5,2,9,87.36
1,2,2,34.4
2,2,4,43.33
2,1,8,69.71
3,2,6,60.14
3,2,7,66.44
5,2,7,68.98
2,2,2,44.28
6,4,4,31.67
2,2,10,87.62
3,2,10,80.68
6,5,6,84.81
1,1,3,27.59
1,1,9,82.6
4,2,4,56.27
3,3,10,84.19
4,2,2,20.72
6,3,6,76.24
3,1,1,1.79
5,4,6,63.06
2,1,12,85.0
5,2,10,103.63
6,3,1,17.19
3,2,8,77.51
6,3,5,61.76
2,3,6,54.97
1,2,2,6.96
1,1,2,18.81
6,5,12,118.64
4,4,9,91.39
3,2,3,33.45
3,1,6,48.01
1,1,10,79.62
5,2,5,52.98
2,1,12,92.76
5,4,4,51.05
5,3,10,89.37
6,5,2,43.96
1,2,8,85.09
1,1,10,96.49
1,2,7,78.89
6,4,11,104.66
4,4,2,33.5
5,4,6,55.31
6,3,8,75.57
3,2,7,62.93
2,3,1,16.83
4,2,5,43.78
3,3,2,14.02
5,3,6,49.58
1,2,7,66.45
5,4,7,76.82
6,3,3,43.83
2,3,7,68.41
6,3,5,55.12
4,3,8,91.51
4,4,12,115.47
2,2,8,67.68
3,2,7,54.09
3,3,6,70.97
4,2,2,8.97
4,3,6,54.62
1,1,12,105.19
3,3,11,83.93
2,3,9,80.86
3,3,2,32.29
1,2,1,14.17
6,5,11,103.17
4,4,5,54.07
4,2,11,106.17
1,1,6,71.31
2,1,3,30.39
4,2,8,54.12
5,4,7,81.68
4,3,2,27.04
5,2,12,95.05
1,2,7,58.0
1,2,1,10.42
4,3,9,72.89
3,1,7,60.37
5,2,6,76.28
2,1,2,10.01
4,4,3,61.97
2,2,1,20.08
4,3,10,94.07
3,1,5,41.78
3,3,9,78.94
3,1,6,55.92
6,4,5,65.22
3,3,12,86.75
1,1,3,54.43
1,1,5,26.89
6,5,8,83.78
5,3,12,85.42
2,3,2,28.32
4,2,5,45.39
4,2,6,52.88
6,3,10,98.04
1,1,8,66.56
4,3,8,84.38
1,1,5,32.63
5,2,9,82.77
2,2,4,35.68
5,3,12,107.3
6,4,9,94.7
3,1,11,87.96
3,3,7,69.95
3,3,6,51.46
5,4,4,62.96
4,2,2,33.28
2,2,8,75.0
3,2,6,55.57
6,3,12,109.96
6,3,3,49.74
3,3,7,77.58
3,3,10,105.91
2,1,7,57.58
3,3,6,67.83
2,2,2,37.89
6,3,8,69.74
3,1,1,3.11
5,3,1,25.75
5,3,6,50.65
6,4,5,41.84
2,3,9,98.75
5,2,12,119.49
2,3,7,59.2
5,3,2,16.68
5,4,12,109.47
2,2,7,78.53
4,4,3,39.89
5,4,1,28.95
3,2,11,101.25
6,5,8,90.74
4,2,12,120.94
2,3,3,31.8
4,4,11,106.98
1,1,8,71.32
1,1,7,60.51
5,2,12,93.81
5,4,2,21.27
3,2,1,3.07
6,5,7,88.26
4,4,1,19.8
1,1,6,57.69
5,2,11,98.87
6,4,10,90.25
4,3,11,93.5
5,3,10,96.34
5,4,8,84.78
1,1,7,65.92
1,1,4,32.42
5,2,1,9.53
2,2,1,19.1
5,2,4,56.2
6,3,5,36.23
5,2,12,98.01
3,2,7,71.9
3,1,4,39.16
3,2,10,96.05
2,1,12,96.7
2,1,1,-3.12
5,2,11,114.71
3,2,10,100.84
2,2,7,65.76
1,1,2,12.58
5,4,11,103.09
6,4,2,38.29
4,3,8,76.48
5,2,12,105.86
4,4,10,116.1
3,1,10,94.24
4,3,10,83.29
3,2,5,50.77
1,1,10,79.8
4,2,2,28.98
5,4,5,59.37
3,3,8,108.68
5,3,6,67.29
2,3,3,37.66
3,3,8,97.43
4,3,9,89.06
3,2,5,34.81
5,3,2,29.76
1,1,2,27.14
3,1,7,65.85
4,3,1,33.05
2,2,10,91.54
6,4,12,116.83
1,2,2,11.98
2,2,10,105.28
3,1,4,33.94
5,2,1,8.2
5,3,4,73.28
4,2,12,122.8
5,4,11,103.52
1,1,10,66.19
5,2,5,42.82
4,2,9,97.79
6,4,1,29.77
3,1,12,87.51
3,2,5,57.84
5,2,2,23.9
2,3,9,80.51
3,1,6,47.27
6,3,2,44.06
5,3,3,44.47
4,2,8,59.14
6,4,1,31.67
5,4,12,117.08
6,4,3,39.8
3,2,10,86.32
4,2,1,9.35
5,4,11,101.37
1,1,11,95.9
4,2,8,71.22
1,1,1,18.46
6,4,5,52.15
2,1,4,44.07
4,3,7,84.14
6,4,5,59.93
1,1,8,74.21
3,3,12,116.6
3,2,11,92.98
2,1,1,18.63
4,4,5,37.32
4,2,4,15.33
4,4,3,40.71
6,5,5,71.33
2,3,10,94.15
4,4,3,51.46
6,3,8,66.98
3,2,3,42.83
1,1,1,29.29
6,4,9,85.04
3,1,9,84.71
3,3,6,63.23
1,2,10,94.42
3,2,1,34.27
2,2,8,77.27
1,1,2,28.64
3,2,9,69.37
5,2,8,81.34
6,4,3,60.1
3,2,5,40.76
2,2,9,78.77
4,4,1,34.86
3,3,9,91.48
4,2,4,28.4
5,3,4,48.65
3,1,4,33.67
1,1,10,75.31
4,4,12,129.57
5,4,9,92.05
1,1,6,62.83
1,1,11,81.27
1,2,8,79.89
1,2,12,116.62
3,1,4,34.58
6,5,3,44.03
3,2,1,4.96
3,1,10,76.32
5,3,7,66.47
5,2,4,32.24
6,4,8,76.32
5,4,3,45.58
2,2,1,20.78
6,3,5,65.91
5,3,2,23.38
6,3,3,39.23
3,2,6,53.82
3,3,3,34.12
6,5,3,45.84
2,2,12,104.04
2,2,6,60.5
6,4,5,56.7
5,2,10,102.27
4,3,9,69.96
2,2,1,28.54
1,1,3,25.31
3,3,3,37.11
6,4,11,107.9
1,1,6,60.06
6,5,8,80.2
3,3,3,32.43
3,1,3,34.01
2,2,6,41.02
2,2,8,73.66
1,1,6,45.02
6,5,12,110.92
3,1,10,68.62
1,2,3,41.72
4,2,4,43.59
1,2,1,11.28
5,2,8,72.35
1,2,4,31.07
5,4,6,62.64
5,4,11,106.02
5,4,3,44.64
4,4,11,111.92
1,1,12,82.94
1,2,11,101.95
4,3,6,45.75
3,3,12,115.32
2,2,11,95.87
1,1,9,87.91
2,1,9,70.26
6,5,10,112.81
6,3,3,27.33
4,2,3,35.06
6,5,4,36.62
6,3,12,119.83
3,3,7,88.27
3,1,3,22.02
3,3,10,96.23
6,5,8,93.44
4,4,11,92.5
5,3,8,71.51
5,2,6,49.89
2,2,4,66.07
5,2,11,108.46
5,2,12,103.83
3,1,11,100.79
3,2,5,52.11
6,3,12,116.93
2,2,2,15.46
1,2,6,71.73
2,1,3,21.32
2,1,6,45.84
4,4,12,121.9
6,5,5,68.46
4,2,2,26.23
2,3,12,119.4
2,2,5,38.39
2,2,5,68.44
5,2,9,76.99
4,3,11,102.12
2,2,8,92.6
3,1,12,93.91
6,5,12,131.23
6,3,7,68.86
3,2,12,97.58
6,3,3,35.16
5,2,10,95.66
5,3,4,57.14
1,1,6,55.26
1,1,3,13.02
1,1,11,99.36
6,4,9,90.58
5,3,8,67.98
5,3,6,66.46
5,3,4,58.34
3,2,7,66.07
5,4,11,117.23
3,1,3,33.62
1,1,10,89.75
1,1,8,65.95
6,5,1,41.19
1,1,3,38.14
6,3,11,110.93
2,2,5,46.86
2,2,5,59.85
4,3,10,98.86
6,4,2,26.28
4,3,10,91.19
4,3,8,73.7
2,2,5,30.12
6,5,7,91.03
2,3,7,102.01
4,3,5,67.08
6,4,8,85.63
4,4,9,86.84
5,4,4,42.75
6,5,4,58.51
6,4,8,93.68
4,2,1,11.25
5,2,4,67.64
3,1,6,39.16
2,1,4,39.24
4,3,6,63.7
6,3,5,55.07
2,3,9,81.31
2,3,10,95.82
2,1,9,72.5
3,3,4,59.88
1,1,4,53.21
4,2,12,102.11
1,1,8,52.55
1,1,10,88.18
1,2,4,44.82
2,2,2,27.05
5,3,2,36.33
2,3,1,36.82
2,2,5,58.33
6,5,6,78.31
6,5,9,104.54
1,1,5,47.51
2,3,6,53.55
1,1,6,67.5
6,5,3,50.03
5,2,12,96.54
4,4,4,40.72
1,2,1,8.82
5,3,4,34.67
4,4,1,34.69
3,1,5,43.25
1,1,11,100.76
1,2,11,109.69
3,3,8,88.11
3,1,8,75.34
1,1,5,47.88
3,1,10,83.1
2,1,2,19.76
4,4,12,121.84
4,4,6,58.39
4,2,1,17.46
2,2,7,58.57
3,1,11,104.73
5,2,4,49.17
3,2,5,71.37
1,1,6,45.42
6,3,11,96.5
4,4,1,28.58
3,2,9,74.75
5,4,10,105.38
1,2,4,41.49
2,2,8,69.11
2,2,5,60.88
5,2,11,79.5
1,2,8,79.42
4,3,1,17.49
3,3,8,87.17
1,2,11,108.56
2,2,11,75.24
5,2,4,39.88
5,4,2,36.58
3,2,11,74.42
5,2,6,60.28
5,4,2,30.72
1,1,5,32.94
4,4,2,29.5
3,2,3,25.77
1,1,11,87.29
4,4,6,69.85
1,2,1,27.81
6,4,6,67.22
1,1,3,40.03
5,4,7,65.54
4,3,2,32.53
3,2,6,79.07
3,1,8,53.09
4,2,1,1.71
5,2,11,110.8
2,3,11,105.21
1,1,9,70.98
5,3,5,43.7
6,4,5,59.64
4,2,12,107.34
1,1,5,46.39
3,3,6,51.61
2,1,2,17.63
6,3,6,57.32
3,1,11,99.46
4,2,4,31.2
1,2,8,74.76
4,3,11,129.34
1,2,9,70.51
5,3,9,79.53
2,3,8,78.06
5,2,3,4.58
5,2,10,75.73
4,4,11,111.11
2,3,11,101.24
1,1,4,47.55
1,2,1,15.62
6,5,9,93.74
3,2,5,42.97
6,4,6,64.57
6,4,3,31.88
1,2,11,96.53
4,3,10,85.29
5,2,8,61.89
5,2,7,59.61
5,2,1,22.51
2,3,10,96.42
1,1,12,107.68
4,4,5,50.77
2,3,10,94.87
3,1,9,94.02
4,3,12,124.98
6,5,11,100.25
4,2,12,95.92
4,4,6,84.97
5,3,8,83.52
4,3,10,93.09
6,3,1,19.98
6,5,10,107.27
1,2,11,100.4
4,4,7,70.67
5,4,3,42.37
4,2,9,76.32
3,2,6,59.69
3,1,5,37.62
5,4,8,71.32
1,2,8,88.75
1,1,12,100.3
6,5,12,137.97
6,3,3,19.68
2,1,2,6.51
5,3,2,35.67
4,2,5,49.31
5,2,10,78.42
2,1,12,112.36
6,3,7,62.3
5,4,8,95.99
5,2,10,89.3
6,4,8,73.3
2,2,12,99.31
6,3,8,92.72
1,1,10,82.02
4,2,12,115.72
6,4,11,122.0
2,2,3,33.2
3,1,11,90.77
1,1,2,16.95
3,3,4,50.52
6,3,1,38.06
1,1,3,16.73
4,4,11,110.19
6,3,9,88.76
4,2,7,47.96
5,4,7,67.13
3,1,1,6.17
1,1,7,68.64
4,4,10,109.39
2,3,7,52.25
4,3,4,53.39
2,1,7,66.1
6,4,8,89.78
1,1,3,30.53
4,4,10,109.5
4,2,2,37.72
1,1,7,44.66
4,4,5,59.51
2,2,5,47.46
4,4,5,54.27
3,1,7,56.45
6,5,9,98.87
5,2,11,85.03
2,2,8,80.71
3,1,6,49.31
6,4,7,84.75
1,1,9,70.8
2,1,11,86.26
5,2,6,48.55
6,4,1,21.86
5,4,4,43.99
1,1,8,73.35
1,1,7,71.47
2,2,3,37.88
4,4,10,99.23
1,1,3,33.87
6,4,11,107.64
4,4,3,44.29
3,2,12,102.93
5,2,1,26.37
4,4,10,74.34
5,3,1,1.67
4,4,6,78.27
3,1,1,11.03
1,2,5,59.17
3,1,4,30.92
1,1,5,61.74
1,1,7,59.63
5,3,6,67.49
6,4,12,111.53
3,1,9,68.03
4,3,6,45.59
3,3,9,94.86
5,3,4,50.95
1,1,1,13.94
5,4,1,16.61
2,3,10,109.15
2,2,7,67.06
4,3,3,46.03
5,2,2,25.97
4,4,6,57.11
4,2,6,67.92
2,2,7,70.51
4,4,5,58.19
2,1,8,73.34
1,1,7,69.18
5,2,2,32.6
4,2,1,0.89
2,1,9,62.1
3,3,5,62.33
4,2,12,99.04
6,5,11,102.51
1,1,5,48.72
1,1,12,90.21
3,2,10,85.21
2,1,4,45.52
4,3,2,15.86
2,3,5,41.32
1,1,2,4.89
2,3,12,102.39
1,1,7,61.83
2,2,11,91.81
3,3,9,102.03
5,3,9,91.55
3,2,11,97.81
3,1,6,65.67
5,4,1,14.69
5,3,6,71.67
4,2,5,47.64
4,2,4,37.45
3,1,12,107.11
3,2,6,53.87
1,1,6,54.82
1,2,6,57.0
4,4,2,39.06
6,4,7,70.93
6,5,4,66.27
4,2,12,85.56
1,1,9,83.41
1,1,10,66.09
6,4,2,28.47
2,2,5,55.22
2,1,4,16.86
1,2,9,83.66
2,3,4,33.29
5,3,8,69.31
4,2,8,63.85
4,2,6,44.57
1,1,6,35.7
3,3,11,123.71
6,3,8,77.18
1,2,12,93.63
2,3,12,105.38
6,4,10,100.37
3,2,9,78.21
2,3,5,42.33
5,2,11,89.01
2,1,1,24.86
5,3,1,8.97
6,5,2,21.03
5,2,10,86.12
6,3,10,75.68
6,4,5,50.9
6,5,4,44.48
6,3,1,10.57
6,4,4,52.7
2,1,4,39.57
6,3,10,86.94
2,1,4,36.06
6,4,1,19.44
5,4,9,96.01
6,4,3,29.22
3,3,4,48.65
6,3,5,57.41
6,5,7,104.36
5,2,6,40.46
4,2,5,76.56
5,3,8,86.57
3,1,1,31.27
4,3,7,80.05
1,2,12,96.56
1,2,6,64.58
3,1,11,86.34
5,3,5,54.12
2,1,7,49.25
3,2,3,27.21
4,3,1,31.97
4,3,9,91.38
6,5,2,51.24
1,1,10,71.02
4,4,3,25.3
3,2,8,85.02
4,4,12,126.28
3,3,10,97.12
2,3,9,91.19
6,3,3,47.65
1,1,6,54.82
4,2,7,71.37
3,2,1,26.15
5,3,7,70.06
1,1,4,33.54
2,3,5,58.82
3,2,8,96.65
6,5,4,48.52
6,3,4,42.69
2,3,8,61.44
2,2,5,54.35
6,4,6,62.7
4,3,12,97.0
4,2,11,97.36
3,2,5,64.95
5,2,1,14.48
3,3,7,68.39
5,3,6,77.56
2,2,2,25.95
1,1,11,80.92
3,3,7,77.89
3,2,6,69.25
5,2,5,48.0
2,3,8,80.3
2,3,5,41.89
5,4,11,99.29
2,3,2,27.67
6,5,6,73.77
4,2,12,99.8
6,5,1,29.29
1,1,5,43.76
3,3,6,53.02
1,2,7,63.31
3,3,2,42.56
4,4,1,22.04
2,3,6,53.99
6,3,3,59.85
5,2,5,52.26
6,5,12,113.27
4,2,11,104.44
1,1,2,23.56
5,4,1,22.3
2,2,1,17.51
4,3,11,100.09
5,4,4,61.9
4,3,10,101.81
4,3,2,9.57
2,2,1,37.03
3,3,6,60.12
5,4,4,69.22
2,2,10,97.16
4,4,12,118.48
2,3,7,70.06
3,2,11,125.59
6,5,6,70.28
5,2,5,43.29
3,3,10,89.19
1,1,12,101.01
5,3,12,110.99
3,3,12,121.04
4,3,12,118.58
5,3,2,38.59
5,3,5,52.72
2,2,9,88.77
4,3,9,94.81
1,2,2,25.21
6,3,7,73.79
3,3,10,102.8
2,3,4,49.11
3,3,3,42.07
1,2,11,112.07
1,1,1,15.19
5,4,3,37.92
1,1,11,79.54
3,3,9,88.13
4,4,9,88.69
4,2,7,74.08
5,2,3,49.78
6,4,3,33.7
3,3,4,38.14
3,3,7,70.76
1,2,7,58.0
3,2,12,103.78
2,1,12,95.64
6,4,2,25.92
1,2,12,114.26
2,1,5,45.75
5,2,7,84.3
4,3,7,74.59
5,2,6,70.89
4,2,10,82.71
5,4,10,92.59
3,3,12,133.21
2,1,8,62.91
4,2,3,24.51
1,1,1,1.29
2,2,3,53.16
1,1,11,90.25
2,3,2,35.03
2,1,2,22.51
5,2,2,18.77
4,4,5,57.04
4,4,1,36.46
2,2,10,77.74
3,2,4,48.74
3,2,10,104.34
1,1,5,47.92
1,2,2,39.33
5,2,5,36.29
2,2,10,71.7
1,1,4,39.43
1,2,8,68.14
6,5,1,41.79
2,1,12,97.9
5,2,5,51.47
1,2,11,98.81
5,3,12,112.13
4,3,10,89.57
5,3,1,9.35
3,1,10,82.81
3,2,10,104.5
5,3,4,40.91
3,3,8,72.86
4,3,1,24.58
2,3,11,91.23
3,2,2,36.03
3,1,1,2.18
5,3,11,100.11
4,3,7,96.39
2,3,2,19.57
5,4,1,42.72
5,4,12,117.21
6,4,6,70.62
4,3,6,54.91
2,1,10,92.99
4,3,2,27.34
2,1,1,1.52
4,4,10,114.56
5,4,3,40.14
5,4,10,81.41
1,1,5,42.31
3,2,6,66.08
6,5,3,55.48
4,3,9,80.59
6,4,11,98.23
1,2,5,36.34
3,1,2,20.77
4,3,10,96.51
2,3,6,70.09
3,2,12,104.51
5,3,8,77.21
1,1,11,90.22
3,2,6,59.53
3,2,4,40.66
5,2,6,67.39
4,2,8,77.11
2,3,8,80.08
5,2,10,89.58
2,1,2,11.58
4,2,8,73.99
3,2,6,51.53
2,2,2,29.47
1,2,1,15.91
1,2,6,74.64
5,4,7,63.38
4,3,10,63.99
5,2,5,52.68
5,2,10,83.57
6,4,8,85.61
5,4,11,95.64
6,5,12,140.09
1,2,9,78.13
1,1,4,29.92
5,4,7,94.9
1,2,8,82.4
4,3,6,76.9
6,3,2,29.28
6,4,7,76.47
5,3,9,81.03
1,1,5,37.87
2,2,2,29.98
6,3,4,43.32
5,4,3,66.21
5,3,4,55.43
4,2,10,108.83
3,3,7,48.71
3,3,10,113.95
6,5,8,65.15
4,3,1,10.39
4,3,8,61.47
4,4,5,62.43
6,5,12,120.82
3,3,7,78.95
4,4,11,107.12
1,2,11,110.25
5,4,1,18.67
5,2,2,38.48
2,3,1,22.69
2,2,5,73.56
6,4,6,76.72
6,4,10,96.96
5,4,9,91.66
1,1,8,58.91
3,1,7,64.59
3,3,12,107.96
6,4,5,67.24
1,1,3,15.62
6,3,9,83.7
3,2,5,38.4
6,3,3,28.03
4,3,3,45.06
6,3,3,50.25
5,4,6,44.67
6,5,1,51.62
5,4,11,122.04
1,2,4,28.53
3,3,8,87.27
2,2,3,29.4
2,3,5,54.02
3,3,2,37.02
2,3,2,35.8
6,5,11,107.27
1,1,7,55.23
1,2,10,84.82
3,3,3,50.43
2,2,5,31.38
6,3,3,37.38
1,1,6,68.73
1,2,10,97.04
4,3,3,49.51
4,3,8,77.52
1,2,2,14.36
3,1,3,29.56
5,2,8,67.11
5,3,8,101.31
6,5,1,31.42
1,1,8,75.37
1,1,10,102.02
1,1,2,10.03
3,3,12,88.2
4,4,7,80.9
1,1,6,59.78
1,2,2,21.86
2,2,5,38.44
3,2,7,69.1
6,3,8,78.76
1,2,3,37.22
2,2,1,6.67
5,2,7,69.25
6,3,5,63.2
1,1,5,29.94
1,1,7,75.6
2,3,1,25.54
3,1,8,77.51
1,1,12,88.21
5,2,10,96.83
1,2,5,33.55
5,3,8,69.52
6,5,10,107.63
6,3,10,92.24
4,4,5,60.27
4,4,12,135.27
5,2,7,66.12
3,3,10,102.1
1,1,3,28.33
1,1,2,20.04
4,2,6,48.22
5,2,5,53.68
1,1,9,102.35
1,1,10,85.88
3,2,4,39.33
2,2,11,109.4
4,2,3,44.23
4,4,9,96.39
2,3,8,75.92
1,1,6,64.44
3,3,1,24.21
3,3,10,104.14
4,2,12,97.81
3,2,11,92.13
6,4,1,28.97
2,1,12,88.65
1,2,6,54.3
6,4,3,31.2
2,3,3,23.55
5,3,6,87.36
4,3,3,32.91
3,2,11,92.79
5,3,10,95.8
3,3,6,52.38
6,5,5,59.98
1,2,4,60.34
1,2,8,77.58
1,1,2,30.86
3,2,12,121.74
5,3,11,105.11
1,1,7,58.79
5,2,4,27.66
3,3,2,27.17
6,4,7,74.38
5,4,1,19.93
6,5,4,72.45
3,1,9,88.02
3,1,4,46.86
4,4,12,114.84
3,2,3,23.67
3,2,10,103.28
2,1,10,88.35
1,1,2,28.73
4,2,3,40.19
4,2,1,21.11
4,2,10,110.0
2,1,8,62.43
6,3,1,19.91
3,2,3,50.41
1,1,3,29.82
5,2,2,24.74
6,4,5,57.47
3,2,10,96.79
2,3,3,36.71
3,1,3,25.58
3,1,8,75.63
2,1,4,37.93
4,2,4,31.91
4,4,3,44.32
1,1,11,106.95
1,1,1,20.65
4,2,8,89.18
6,3,1,15.69
5,2,7,76.7
3,3,5,48.51
5,4,4,39.68
3,2,4,33.97
4,2,8,75.31
1,1,11,103.28
6,3,11,106.1
1,1,6,51.47
5,4,12,105.68
1,1,1,20.05
4,3,10,104.64
6,5,8,91.98
5,2,2,15.48
6,4,6,76.09
3,2,9,94.27
1,2,1,33.33
6,3,6,58.62
2,2,8,78.36
1,1,10,79.65
3,2,2,16.78
6,5,5,80.83
5,2,6,63.65
3,3,5,67.93
2,2,3,21.75
6,5,4,59.88
4,4,7,81.08
1,2,4,33.68
5,3,9,101.88
4,2,11,95.54
6,5,12,125.54
6,3,10,89.5
3,2,2,14.06
6,3,5,64.13
5,4,8,87.79
4,4,5,62.37
5,4,10,97.22
2,3,12,114.52
2,3,8,91.66
1,2,8,67.16
1,1,9,82.6
2,2,10,92.02
6,4,6,66.16
5,2,12,89.54
2,1,4,36.88
1,1,12,107.73
2,1,11,96.24
6,3,3,24.61
2,3,12,123.47
5,4,5,76.48
4,2,6,56.91
6,3,3,62.11
1,1,2,12.7
5,2,7,53.28
2,3,11,92.85
2,1,5,47.45
4,3,9,69.22
1,2,3,30.89
1,2,8,103.35
3,3,6,47.96
1,2,4,36.53
4,2,12,95.64
3,2,12,103.15
3,1,9,73.52
2,1,5,38.3
2,3,10,93.44
1,1,6,59.33
3,3,9,100.85
2,1,7,58.16
4,2,12,106.06
2,3,5,59.63
6,3,2,18.64
6,3,4,45.47
2,3,2,25.94
3,1,3,38.52
3,2,10,107.52
5,4,12,108.23
6,4,3,56.8
4,2,4,27.42
3,1,6,55.01
1,2,12,108.6
6,3,3,24.16
4,4,10,91.72
4,4,1,18.74
3,3,1,9.89
4,4,9,65.34
3,3,9,84.93
2,2,5,49.13
6,5,9,96.05
5,3,11,110.66
2,1,7,41.62
6,5,9,93.19
3,1,12,126.6
6,5,7,89.87
3,2,9,90.92
2,2,2,15.83
1,1,11,91.04
1,1,11,70.0
6,5,8,94.85
1,1,7,75.0
3,2,6,43.5
4,2,5,38.41
3,2,4,41.68
4,3,7,72.53
2,2,3,28.58
5,4,8,75.85
4,4,2,27.95
1,1,1,12.51
3,1,11,98.86
2,1,2,20.51
1,2,9,80.55
2,2,5,32.41
5,2,11,106.67
3,2,8,73.49
6,3,3,34.63
3,3,7,73.55
5,3,2,22.56
3,2,8,69.84
6,3,7,72.08
4,2,12,99.21
2,1,5,28.54
6,4,12,97.92
1,2,11,102.46
5,4,4,51.69
4,2,1,17.34
1,2,5,38.38
1,1,12,100.79
5,4,9,88.0
4,3,10,89.0
1,1,4,36.25
1,2,9,84.96
4,3,12,128.5
3,3,2,36.65
1,1,4,45.58
2,2,9,93.05
4,4,4,44.36
1,2,5,46.79
5,3,11,93.95
6,4,8,77.18
2,2,1,13.72
6,3,1,15.94
6,4,9,94.24
1,1,9,81.33
2,2,4,28.94
2,1,2,17.88
3,2,9,78.99
6,4,4,37.28
2,2,6,50.34
3,3,12,119.73
4,4,1,36.61
3,2,12,89.71
5,2,9,86.72
1,1,5,30.3
4,3,3,34.99
4,4,4,51.03
5,2,1,25.53
3,3,9,85.25
1,1,8,58.86
3,2,4,30.16
2,3,2,32.68
3,1,9,70.66
4,3,4,42.91
1,1,9,86.7
3,2,10,94.35
1,2,3,49.87
1,2,7,55.82
2,2,7,58.91
2,3,10,96.84
4,2,4,60.19
5,3,2,23.05
1,1,11,93.38
5,4,9,105.21
4,3,4,47.5
1,1,8,79.2
1,2,2,45.57
6,5,8,91.95
5,3,11,107.58
3,2,10,97.43
2,2,5,40.96
3,3,7,56.18
5,3,7,72.58
2,1,12,94.75
3,2,9,92.53
6,4,3,47.14
2,3,10,105.36
1,1,4,24.98
3,3,10,105.02
2,2,4,19.01
6,3,10,83.8
2,1,5,51.32
2,3,6,57.97
6,5,3,44.94
3,2,4,43.07
4,3,3,53.22
3,1,2,1.78
5,3,10,107.49
6,3,12,124.07
3,3,9,81.96
2,2,1,11.05
6,5,2,39.82
1,1,8,61.84
3,1,7,64.45
6,5,12,125.75
3,3,1,7.46
6,4,5,50.8
2,3,10,83.15
1,1,6,55.15
1,2,5,58.72
5,4,4,41.27
6,4,1,36.65
3,3,7,61.75
1,1,9,84.19
1,1,6,50.16
4,4,3,39.58
4,2,10,101.42
1,1,4,54.88
6,5,10,85.58
5,3,5,60.99
1,1,12,102.77
2,1,12,107.58
3,2,1,3.61
5,2,5,39.16
2,3,1,16.29
5,4,9,94.13
2,2,7,58.67
3,1,3,25.77
3,3,9,95.31
4,4,2,56.49
6,5,12,128.59
2,2,7,74.59
4,3,9,85.18
2,3,6,54.09
4,4,10,96.74
3,1,5,44.42
5,2,12,94.4
4,2,7,74.15
2,2,6,73.19
2,3,5,56.22
6,4,2,46.84
3,3,8,91.08
2,1,7,50.65
1,1,6,35.62
5,2,5,45.01
4,2,5,50.96
6,5,9,85.04
5,2,1,32.22
3,3,9,106.49
6,5,6,74.79
4,3,4,37.18
4,2,10,94.86
1,1,7,51.15
3,2,9,93.43
6,5,5,62.69
6,3,5,62.27
2,3,8,88.02
1,1,7,66.38
1,2,8,91.85
6,3,11,104.78
6,5,12,115.97
5,4,10,78.98
5,2,2,3.16
5,2,9,88.52
1,2,3,32.16
2,3,6,54.85
4,3,6,51.86
5,2,2,33.41
2,3,12,101.16
3,1,7,77.31
5,3,9,110.51
4,4,12,107.0
3,3,10,101.7
3,3,11,107.4
4,2,1,8.12
5,3,8,69.18
1,1,2,19.77
4,4,1,16.62
4,3,8,89.91
4,4,2,33.54
3,3,6,51.79
2,1,6,52.11
1,2,5,54.66
5,3,8,71.76
5,4,3,24.07
2,3,10,96.26
4,2,4,29.83
1,1,7,53.06
5,2,7,70.69
6,5,12,115.12
5,2,8,72.59
4,2,2,40.53
6,3,11,99.48
2,1,12,121.21
1,2,2,33.4
2,3,4,37.69
2,2,10,85.24
1,1,9,64.37
1,1,10,91.37
5,3,12,124.25
5,2,9,78.42
1,1,4,18.39
6,5,9,100.6
3,2,3,25.38
5,2,12,98.89
3,2,5,53.12
6,5,10,117.32
1,1,9,84.4
6,5,6,77.3
5,4,3,42.43
2,2,10,76.8
1,2,9,85.48
4,2,6,65.18
3,3,4,41.05
6,5,4,53.34
1,1,8,80.1
6,5,7,77.08
1,1,1,10.29
5,3,6,62.12
5,2,8,80.66
5,2,3,36.93
6,3,9,89.19
4,2,10,105.18
5,3,2,26.9
1,2,6,48.49
5,2,12,116.22
2,1,1,15.31
5,2,12,100.11
6,5,11,109.4
4,2,2,13.26
2,3,5,57.32
6,4,1,13.39
6,4,8,90.82
6,4,1,22.78
1,2,9,68.06
6,3,10,105.97
1,1,11,115.56
6,3,3,43.37
3,1,12,98.15
2,1,2,11.4
3,3,1,25.62
6,4,9,98.37
2,1,4,37.07
2,2,12,114.95
4,4,1,43.14
3,3,1,10.4
4,2,7,68.94
2,3,2,11.97
1,1,7,52.86
2,1,12,108.2
4,2,7,65.53
3,2,10,73.89
6,3,9,97.5
6,3,7,65.57
3,2,1,26.51
6,3,12,116.13
6,3,8,70.67
4,3,8,87.69
3,3,4,50.19
5,3,8,80.75
1,1,4,32.32
1,1,8,57.97
6,3,5,50.81
1,1,4,32.6
3,2,6,66.52
3,1,2,4.51
2,3,12,125.71
2,1,2,36.26
1,1,2,14.59
5,4,9,106.02
2,3,10,84.94
2,1,3,40.27
3,2,10,81.8
5,2,4,52.33
6,3,10,80.63
1,1,12,111.83
2,2,8,86.89
5,2,4,27.3
5,4,11,125.57
1,1,10,95.18
5,4,10,80.02
5,2,7,61.1
5,3,5,65.38
2,3,9,94.23
1,1,4,38.12
5,3,3,48.28
5,3,2,22.26
2,2,1,18.47
1,1,11,84.54
3,1,6,54.35
2,3,10,105.01
1,1,2,28.82
5,2,8,76.23
1,1,6,62.9
1,1,12,111.88
6,3,12,128.97
1,2,5,61.67
3,1,2,27.56
1,1,7,70.34
3,3,2,33.44
5,4,5,57.2
3,3,2,39.68
5,4,11,115.57
5,2,10,92.92
3,2,11,96.05
2,3,11,100.5
4,4,2,31.91
1,1,7,73.56
6,3,9,98.78
4,4,5,71.36
1,1,7,50.48
1,1,4,33.41
5,2,2,23.43
1,1,3,22.94
6,5,2,59.63
1,2,5,54.0
3,1,6,56.29
4,2,7,61.34
3,2,3,42.62
6,4,4,73.92
1,1,8,69.81
6,5,4,54.66
5,3,7,70.09
3,3,12,107.78
3,3,6,62.97
2,3,7,64.89
1,2,1,9.13
5,3,3,38.79
3,1,6,53.81
3,1,3,26.27
5,2,7,80.57
6,4,9,96.15
6,3,3,46.42
1,1,1,20.69
2,2,10,91.05
3,2,6,60.19
2,1,12,92.4
6,3,1,29.56
6,3,1,19.67
